Workbook
Name PochodzenieVarant: Data_Validation!$B$33:$B$39
Name PochodzenieWyspyPołudniowe: Data_Validation!$B$48
Name PochodzenieArcholos: Data_Validation!$B$40:$B$44
Name PochodzenieWschodniArchipelag: Data_Validation!$B$49
Name Postać: Data_Validation!$B$3
Name PostaćNazwa: Postacie!$B$2:$B$50
Name PochodzenieKhorinis: Data_Validation!$B$22:$B$23
Name Klasa: Data_Validation!$B$1
Name Grupa: Data_Validation!$B$2:$C$2
Name PochodzenieNordmar: Data_Validation!$B$45:$B$47
Name GrupaNazwa: Grupy!$B$2:$B$100
Name PochodzenieMyrtana: Data_Validation!$B$24:$B$32
Name KlasaNazwa: Data_Validation!$A$5

Sheet Postacie
A1: L.p. | B1: Imię postaci | C1: Kontynuacja | D1: Pochodzenie ogólne | E1: Pochodzenie dokładne | F1: Grupa / Profesja | G1: Mechaniczne umiejętności | H1: Krótki opis postaci | I1: Najważniejsi znajomi | J1: Słowa kluczowe | K1: Wątki | L1: Najważniejsze fakty z podsumowania
A2: 1 | B2: Bezi | C2: TAK | D2: Khorinis | E2: Miasto Khorinis | F2: Łowcy | G2: Pozyskiwanie komponentów: - oko ścierwojada - jad umarlaka | H2: Kolejny ateista | I2: Diego, Milten, Gorn, Lester | J2: walka, polowania | K2: Ukradnij cebulę | L2: - Ledwo co go zrzucili, zbiera znajomości w każdym z obozów - Został pobity przez Bullita
A3: 2 | B3: Gor Na Rex | C3: TAK
A4: 3 | B4: Gor Na Ragu | C4: TAK | D4: Archolos | E4: Silbach | H4: Niedawno mianowany na Gor Na, wciąż pamięta dom sprzed wrzucenia pod barierę, ale powoli stawia Bractwo na właściwym miejscu. | I4: Maruda, Sztychu, Najemnicy | J4: pojedynek, walka z potworami, przesłuchanie, odurzenie
A5: 4 | B5: Gor Vikr | C5: TAK | D5: Khorinis | E5: Farmy | H5: Wierzący pragmatyk w Straży Świątynnej z kontaktami w NO | I5: Rickard, Inger, Baal Sachs, Orrin, Gor Na Rex | J5: walka, przesłuchania, odurzenie, wyłudzenie, hazard
A6: 5 | B6: Gor Han | C6: TAK
A7: 6 | B7: Gor Tar | C7: TAK
A8: 7 | B8: Gor Toth | C8: TAK
A9: 8 | B9: Gor Gyyrax | C9: NIE
A10: 9 | B10: Gor Balar | C10: NIE
A11: 10 | B11: Gor Ruh | C11: NIE
A12: 11 | B12: Gor Omba | C12: TAK
A13: 12 | B13: Gor Gior | C13: NIE
A14: 13 | B14: Gor Bács | C14: NIE | D14: Archolos | E14: Miasto Archolos | I14: Omba, Cefre, szkodnicy z Archolos | L14: Cienie, którzy go pobili jak był skazańcem: Torin(napierdalał), Daevon(odciągał Torina).
A15: 14 | B15: Gor Vith | C15: NIE

Sheet Grupy
A1: L.p. | B1: Nazwa grupy | C1: Członkowie (imiona postaci rozdzielone przecinkiem)
A2: 1 | B2: SS PL | C2: Gor Na Rex,Gor Na Ragu,Gor Vikr,Gor Tar,Gor Toth,Gor Gyyrax,Gor Balar,Gor Ruh,Gor Vith,Gor Han
A3: 2 | B3: SS EN | C3: Gor Omba,Gor Gior,Gor Bács
A4: 3 | B4: Gor Na | C4: Gor Na Rex,Gor Na Ragu
A5: 4 | B5: New Gor PL | C5: Gor Tar,Gor Gyyrax,Gor Balar,Gor Ruh,Gor Vith
A6: 5 | B6: New Gor EN | C6: Gor Gior,Gor Bács
A7: 6 | B7: Dodatkowy nowicjusz | C7: Gor Gyyrax,Gor Balar
A8: 7 | B8: Siatka szpiegowska | C8: Gor Toth,Gor Vikr
A9: 8 | B9: Zbieranie zasobów | C9: Gor Vith,Gor Ruh
A10: 9 | B10: SS Kont PL | C10: Gor Na Rex,Gor Na Ragu,Gor Vikr,Gor Han,Gor Tar,Gor Toth
A11: 10 | B11: SS Kont Gor PL | C11: Gor Vikr,Gor Toth,Gor Han
A12: 11 | B12: SS Kont Gor EN | C12: Gor Omba

Sheet Wątki
A1: Nazwa wątku | B1: Zakres wątku | C1: Wymień członków | D1: Nazwa klasy / grupy / postaci | E1: Kolejność | F1: Wpis fabularny | G1: Krótki opis | H1: Zleceniodawca | I1: Zaangażowane frakcje | J1: Potrzebne rekwizyty | K1: Nagroda
A2: Czarna Szychta | B2: Postać | C2: Nie | D2: Gor Vikr | E2: 33 | F2: Twoje kontakty w kolonii przynoszą efekty. Zeszłej nocy dostałeś informację, że pewien Strażnik Gomeza znany jako Szczerba prowadzi nocą w Starej Kopalni nielegalne wydobycie rudy. Cały zysk omija Gomeza i trafia przede wszystkim do tych, którzy to wydobycie organizują. Zawarłeś z nimi umowę: pomożesz w przedsięwzięciu chroniąc w nocy kopiących przed pełzaczami, a w zamian dostaniesz zapłatę. Ot prosta ruda. Dodatkowo Strażnik wspominał, że szukają dodatkowych kopaczy do tej roboty, więc jeśli przyprowadzisz ze sobą dwóch Nowicjuszy do kopania to możesz liczyć na lepszą zapłatę niż kwota za samą ochronę, a ponadto już wcześniej dałeś cynk Vik i Milo o dodatkowej robocie. Teraz tylko musisz sprawdzić ich zainteresowanie całą akcją i upewnić się, że nie upalą się zielem wieczorem jak będziecie mieli iść kopać. Jesteś umówiony ze Szczerbą na spotkanie pod kopalnią o 22. Jeśli się uda to wiesz, że masz szansę trochę się dorobić i tym samym umocnić swoja pozycję jak i przybliżyć się do awansu na Gor Na. W końcu to przedsiębiorczość Gor Na Groma sprawiła, że stał on tak wysoko pośród was. | G2: Czarnach szychta Vikr | H2: Chciwość | I2: Strażnicy Świątynni, Nowicjusze, Strażnicy, Kopacze | J2: narzędzia dla kopiących | K2: ruda
A3: Ziele poza naszą kontrolą | B3: Grupa | C3: Tak | D3: SS Kont PL | E3: 27 | F3: Parę dni temu, kiedy patrolowaliście ścieżki w okolicy Faktorii Bractwa minęliście grupę popalających bagienne ziele Cieni wracających do Starego Obozu. Niby normalny widok jak na co dzień, ale coś w tym było nie tak, coś wam w tym śmierdziało... Wszyscy jakby słysząc rozkaz zwolniliście krok i zaczęliście patrzeć po sobie szukając potwierdzenia o podejrzeniach jakie was ogarnęły... To bagienne ziele nie pachniało jak zwykły Zielony Nowicjusz. To musiało być coś więcej... Zawróciliście i zwracając się do Cieni zaczęliście wypytywać ich o źródło pochodzenia tego ziela i niestety, ale wiele się nie dowiedzieliście. Ot, że czasem takie skręty pojawiają się u przeróżnych handlarzy i nie ma ich dużo. Banda Cieni sama była zaskoczona jak się dowiedziała, że tego gatunku ziela Faktoria Bractwa nie sprzedaje byle komu... Finalnie doszliście do wniosku, że ktoś produkuje te skręty poza Faktorią Bractwa i sprzedaje z dużym zyskiem... To nie może dłużej trwać. Trzeba odnaleźć winowajców i odpowiednio ukarać. | G3: Akania ma przepis na wytworzenie mroku północy i robi z tego biznes. (To nie będzie mrok północy tylko eksperymentalne ziele Światło Poranka. Przepis pozostaje taki sam, tylko nazwa inna plus będzie zawinięte w niebieskie smakowe bletki, żeby SŚ łatwiej była w stanie prowadzić dochodzenie. Można wręczyć SŚ parę sztuk na początek larpa, zależy jak dużo pomocy potrzebują. - Joplin) | H3: Los | I3: Strażnicy Świątynni, Szkodniki | J3: Dostawca NPC dla Akanii Przepis (Domingo ogarnia) | K3: ruda
A4: Poprzednim razem w Faktorii Bractwa Śniącego | B4: Grupa | C4: Nie | D4: SS PL | E4: 20 | F4: Ostatatnie większe wydarzenie w Faktorii Bractwa polegało na zorganizowaniu i przeprowadzeniu obchodów Święta Pierwszego Słowa, co, jak się okazało, nie zostało przez władze Faktorii wykonane w stopniu zadowalającym dla Cor Kaloma. W konsekwencji Mistrz Orun został odwołany ze stanowiska zarządcy i odesłany z powrotem do obozu na bagnie. Na jego miejsce Y'Berion wysłał innych Guru, jednych z mniejszym, innych z większym doświadczeniem w kierowaniu wspólnotą. Wiesz że, oznacza to początek cichej walki o władze, względy i osiągnięcia. Jesteś tego pewny jak swojej wiary w Śniącego. | G4: Podsumowanie wydarzeń polityczno-społecznych z ostatniej edycji. | H4: Śniący | I4: Guru, Strażnicy Świątynni, Nowicjusze | J4: brak | K4: brak
A5: Trwająca wojna Straży Świątynnej z orkami | B5: Grupa | C5: Nie | D5: SS PL | E5: 21 | F5: Poprzedni konflikt zbrojny z orkami w okolicach Faktorii Bractwa Śniącego pokazały prawdziwą siłę Straży Świątynnej. Braciom udało się odeprzeć zagrożenie ze strony orków, niestety nie dość skutecznie. Szamanowi, który zaklinał magią leśne bestie udało się zbiec. Choć jego bestie zostały pokonane, a orkowa eskorta pobita i pogoniona to pewne jest, że po zalizaniu ran, będzie chciał wziąć odwet. Niestety nawet w samych szeregach Straży Świątynnej można dostrzec straty poniesione przez tamte wyczerpujące potyczki. Część Gor Na na wezwanie Cor Kaloma musiała wrócić, aby pomóc w ochronie Obozu Bractwa przed plagą węży błotnych, które poczuły się zbyt swobodnie i zaczęły wykluwać w zastraszającym tempie. Spora część Gor nie przeżyła walk z bestiami szamana oraz orkami. Wraz z nowymi Guru przybywającymi do Faktorii mają nadejść i nowi Gor, którzy będą konkurować ze sobą aby osiągnąć tytułu Gor Na. Tylko co musi się wydarzyć, żeby odwrócić fatum nowo rozwijającej się sytuacji w Faktorii Bractwa? | G5: Podsumowanie wydarzeń militarno-społecznych z ostatniej edycji. | H5: Śniący | I5: Guru, Strażnicy Świątynni, Nowicjusze | J5: brak | K5: brak
A6: Last time at Brotherhood of the Sleeper's Outpost | B6: Grupa | C6: Nie | D6: SS EN | E6: 20 | F6: The most recent major events at the Brotherhood Outpost involved organizing and carrying out the celebration of the Festival of the First Word — something the Outpost’s authorities failed to execute to Cor Kalom’s satisfaction. As a result, not only was Master Orun dismissed and sent back to the Swamp Camp, but new Gurus have now taken his place — some with less, others with more experience in leading our community. In your eyes, it seems as certain as the fact that the Sleeper is a god: a silent struggle for power, favor, and achievements is beginning. | G6: Podsumowanie wydarzeń polityczno-społecznych z ostatniej edycji. Wersja EN | H6: Śniący | I6: Guru, Strażnicy Świątynni, Nowicjusze | J6: brak | K6: brak
A7: The ongoing war between the Temple Guard and the orcs. | B7: Grupa | C7: Nie | D7: SS EN | E7: 21 | F7: The previous armed conflict with the orcs near the Brotherhood Outpost revealed the true strength of the Temple Guards. The brothers managed to repel the orc threat — unfortunately, not definitely. The shaman who had been controling forest beasts with magic managed to escape. Though his beasts were defeated and his orkish escort crushed and routed, it is certain that once he licks his wounds, he will seek revenge. Regrettably, even within the ranks of the Temple Guards, the toll of those exhausting skirmishes is evident. Some of the Gor Na had to return at Cor Kalom’s call to help defend the Swamp Camp against a plague of swampsharks, which had grown too bold and begun hatching at an alarming rate. A significant number of Gor perished in the battles against the shaman’s beasts and his orcs. New Gurus are expected to arrive to the Outpost — and with them Gors who will compete against each other for the title of Gor Na. But what must happen to break the curse hanging over the unfolding events at the Brotherhood Outpost? | G7: Podsumowanie wydarzeń militarno-społecznych z ostatniej edycji. Wersja EN | H7: Śniący | I7: Guru, Strażnicy Świątynni, Nowicjusze | J7: brak | K7: brak
A8: Czas próby | B8: Grupa | C8: Nie | D8: New Gor PL | E8: 22 | F8: Wczoraj wieczorem Cor Angar zebrał nas, początkujących Gor'ów, i zapowiedział, że w nadchodzących dniach okaże się, czy osiągnęliśmy poziom godny tytułu mistrzowskiego – Gor Na. Powiedział, że to właśnie w Faktorii Bractwa czeka na nas szereg ostatnich prób: zarówno zadań powierzonych przez Mistrzów, jak i wyzwań, które Kolonia Górnicza zdecyduje rzucić naszym braciom przebywającym na miejscu. To właściwy czas na rozwinięcie zdolności magicznych i łowieckich, a Mistrzowie z pewnością będą nas uważnie obserwować. Muszę umocnić swoją pozycję w Straży Świątynnej i tym samym zapewnić sobie awans... czuję się zdeterminowany dokonać tego za WSZELKĄ cenę. | G8: Wstęp fabularny dla nowych Gor'ów | H8: Cor Angar | I8: Strażnicy Świątynni | J8: brak | K8: brak
A9: Time of trials | B9: Grupa | C9: Nie | D9: New Gor EN | E9: 22 | F9: Last evening, Cor Angar gathered us — aspiring Gors — and announced that in the coming days it would be revealed whether we have reached the level worthy of the master title — Gor Na. He said that it is in the Brotherhood Outpost a series of final trials awaits us: either tasks entrusted to us by the Masters and challenges that the Velley of Mines may choose to throw at our brothers stationed there. It is high time to develop my magical and hunting skills, and the Masters will surely be watching us closely. I must solidify my position within the Temple Guards and by doing so ensure myself a promotion... I feel determined to do it by ALL possible means. | G9: Wstęp fabularny dla nowych Gor'ów | H9: Cor Angar | I9: Strażnicy Świątynni | J9: brak | K9: brak
A10: Dwa to lepiej niż jeden | B10: Grupa | C10: Nie | D10: Dodatkowy nowicjusz | E10: 24 | F10: Po odprawie Cor Angara otrzymałem poradę od Gor Na Rana, który powiedział mi, że biorąc pod uwagę liczbę Strażników Świątynnych w faktorii, Gor Na Kagan na pewno postawi przed nami zadanie znalezienia po kandydacie do Straży Świątynnej wśród Nowicjuszy. Powiedział mi, żebym nie zwlekał z tym zadaniem i zaczął zanim Gor Na zlecą nam to zadanie. Odchodząc dodał, że na koniec dnia nie będzie to miało znaczenia czy zostaną Strażnikami, tylko czy będą z tobą wtedy, kiedy to będzie miało znaczenie. Czyżby mieliby być mi potrzebni do jakiegoś zadania, które dostaniemy po ich znalezieniu? | G10: Porada dotycząca jednego z zadań rozdawanych przez MG na grze. | H10: Gor Na Kagan | I10: Strażnicy Świątynni, Nowicjusze | J10: brak | K10: Przybliżenie do awansu na Gor Na
A11: Informacja to podstawa | B11: Grupa | C11: Nie | D11: Siatka szpiegowska | E11: 24 | F11: Trochę czasu już minęło odkąd służę w Faktorii Bractwa, a mimo tego wciąż nie zostałem awansowany do tytułu Gor Na. Wraz z nowoprzybyłymi Strażnikami Świątynnymi niewątpliwie sam będę poddawany próbom przez obecnych w Faktorii Mistrzów. Jeśli nie wykażę się czymś w oczach Gor Na to mogę wiele na tym stracić. Mogą odesłać mnie z powrotem do Obozu na bagnie na ponowne odbycie nauk i treningów pod okiem Cor Angara, a to nie będzie świadczyło dobrze o mnie w oczach Guru. Na szczęście przez cały czas przebywania tutaj zauważyłem jak wartościowe są w oczach Gor Na Kagana informacje. Informacje na których Bractwo może zyskać jeśli podejmie jakieś działania z nimi związane. Wiem, że jeśli wykażę się w tej kwestii to na pewno odróżnię się od pozostałych Gor'ów i tym samym przybliżę moją osobę do wywyższenia na Gor Na. | G11: Porada dotycząca jednego z zadań rozdawanych przez MG na grze. | H11: Gor Na Kagan | I11: Strażnicy Świątynni | J11: brak | K11: Przybliżenie do awansu na Gor Na
A12: Wartość w oczach Bractwa | B12: Grupa | C12: Nie | D12: Zbieranie zasobów | E12: 24 | F12: Po odprawie Cor Angara otrzymałem poradę od Gor Na Draka, który powiedział mi, że próby na Gor Na mają nie tylko sprawdzić naszą sprawność, siłę czy oddanie, ale też zasobność. Powiedział mi, że łatwiej będzie mi zdobyć przchylność mistrzów Straży Świątynnej jeśli w trakcie prób wykażę się umiejętnościami w pozyskiwaniu i dostarczaniu Bractwu magicznych esencji czy komponentów alchemicznych pozyskiwanych z potworów. Gor Na Drak był pewien, że Gor Na Kagan i Guru docenią takie zdolności i zwiększy to moje szanse na zostanie wywyższonym do tytułu Gor Na. | G12: Porada dotycząca jednego z zadań rozdawanych przez MG na grze. | H12: Gor Na Kagan | I12: Strażnicy Świątynni | J12: brak | K12: Przybliżenie do awansu na Gor Na
A13: Nadchodzące negocjacje z Magnatami | B13: Grupa | C13: Tak | D13: Gor Na | E13: 28 | F13: Do Faktorii Bractwa dotarły wieści, że Magnaci zaczynają mieć kłopoty z pełzaczami w Starej Kopalni. Do tego wiemy, że pierwszego dnia Guru mają w planach spotkać się z nimi na rozmowach politycznych. To prawie oczywiste, że Magnaci będą chcieli wykorzystać cenny czas Straży Świątynnej do tego aby wzmocnić bezpieczeństwo kopaczy wydobywających rudę. W naszym interesie jest przypomnieć Guru, że nie mogą zbyt swobodnie dysponować już uszczuplonymi siłami Straży Światynnej. Bractwo musi na tej umowie zyskać naprawdę sporo, żeby było opłacalne. | G13: Porada dla Strażników Świątynnych dotycząca nadchodzących negocjacji Guru z Magnatami. | H13: Gor Na Kagan | I13: Strażnicy Świątynni, Guru, Magnaci | J13: Brak | K13: Pochwała lub opierdol słowny w tym ewentualne reperkusje
... A16: Tęsknota za domem | B16: Postać | C16: Nie | D16: Gor Na Rex | E16: 31 | F16: Sporo czasu minęło odkąd przyjąłem tytuł Gor Na... i mimo tego, że sam przyuczam młodszych braci do tego jakim człowiekiem muszą się stać, aby wiernie służyć Śniącemu to wiem, że sam zboczyłem z tej ścieżki... Mam moje poprzednie życie na sumieniu, o którym nie potrafię zapomnieć. Na domiar złego odnalezienie w tej podłej kolonii karnej ludzi, którzy dzielą mój sentyment tylko odwraca moją uwagę od tego co wiem, że powinno być dla mnie ważniejsze. Widać przywykłem do życia w cierpieniu... i Śniący o tym wie. Odkąd stałem się tak rozdarty Śniący zsyła na mnie koszmary... Koszmary, w których stoję pośród zasp śnieżnych poczas zamieci i walczę z orkami. Z wielkim trudem, jeden za drugim padają od mojego ostrza, ale ich potok nigdy się nie kończy, a ja padam od ich ciosów. Kiedy tak leżę, widzę jak mijają mnie i biegną dalej tam, gdzie nie chcę żeby dobiegli. Kiedy krew moja barwi lód na którym leżę czuję, że jestem sam. Czuję, że nie ma tu nikogo, kto mógłby mi pomóc. Nie ma tu moich Braci, nikogo z rodziny, którą odnalazłem pod Barierą. Wtedy umieram... Poza szokiem i niewyspaniem, które odczuwam po tym nawracającym koszmarze, pojawia się też we mnie uczucie ulgi. Ta ulga to fakt, że budzę się i widzę, że wokół mnie śpią moi Bracia. Wiem, że gdyby byli tam ze mną to nie daliby mi skonać tam na lodowych zaspach... Nie jestem Guru, żeby mieć pewność co wszystko to znaczy i dopóki nie zasięgnę ich rady to mogę się tylko domyślać czego odemnie chce Śniący. Martwię się tylko, że im dłużej waham się co z tym zrobić i im dłużej daję temu trwać... tym gorsze mogą mnie spotkać konsekwencje. (Przez powracające sny z przeszłości jesteś jeszcze bardzier rozdrażniony niż normalnie. Na każdą informację o potencjalnej zdradzie wśród swoich reagujesz wybuchowo. Jedynie rozmowa z innymi skazańcami pochodzącymi z klanów Nordmaru lub rozmowa z kimkolwiek o twojej własnej przeszłości przynosi ci tymczasową ulgę i wracasz do zmysłów [po takiej rozmowie na ok 3 godziny wracają ci zmysły]. Dzieje się tak do momentu kulminacyjnego tego wątku) | G16: Wątek personalny z podsumowania. Początek wątku prowadzącego do sądu Rexa. | H16: Śniący, sentyment do poprzedniego życia, Gor Na Cez | I16: Strażnicy Świątynni, Strażnicy, Guru | J16: Brak | K16: Paliwo do wątków przeciw Rexowi
A17: Wizje… | B17: Postać | C17: Nie | D17: Gor Na Rex | E17: 33 | F17: Nie zbadane są wyroki Śniącego. Co jakiś czas okazywałem się godny, dzięki wiernej służbie i niezachwianej wierze. Zsyłał mi wizje. Jedne proste w interpretacji, inne trudne do zrozumienia nawet dla Baal Ayen. Ostatnio jednak coś się zmieniło. Te wszystkie koszmary senne. Ta jedna jedyna wizja gdy wypalę za dużo... Nordmar... Krew... Krzyki i płacz... Wizje nigdy nie nawiedzały mnie tak często. Nigdy się też nie powtarzały. Ta jedna jednak nawiedza mnie coraz częściej i zawsze tak samo. Orkowie zbiegający ze zbocza gór. Płonąca osada. Śmierć Matki. Sigi wzywająca moje imię z całych sił "Rexxar!". Jej zimne martwe oczy chwilę później... Gdy pierwszy raz, Śniący zesłał mi to wspomnienie jako wizję, od razu omówiłem to z Mistrzynią Ayen. Rozmowa ta przyniosła mi ulgę i spokój. Jednak nie na długo. Wizja wróciła. To jedno przeklęte wspomnienie... Ostatnio wraca do mnie coraz częściej, nawet codziennie. Czy Śniący wystawia mnie na próbę? Oddałbym wszystko by zakończyć te tortury. O co w tym wszystkim chodzi? Nie zbadane są wyroki Śniącego... Do czasu złamania uroku odgrywaj następujący efekt: Przynajmniej raz dziennie (można więcej) odgrywaj, że ponownie przeżywasz wizję której właśnie doświadczyłeś. Podbij odgrywanie negatywnych emocji i szaleństwa. Potem na czas dwóch scen odgrywaj wyczerpanego i zmęczonego. | G17: Wątek opętania Ayen.
A18: Dorwać zaskrońce | B18: Grupa | C18: Tak | D18: SS Kont PL | E18: 25 | F18: Wszystkie kazania Guru na temat węży wśród nas i idące za tym nieudane śledztwa czy urwane tropy zaczynają powoli sprawiać, że nowicjusze zaczynają traktować te tematy jak nieskuteczne straszydło do tego aby zmusić ich do posłuszeństwa i nieufania sobie nawzajem, co powoli zaczyna się stawać prawdą. Groźba ze strony zdrajców w naszej społeczności nie jest brana na poważnie, Nowicjusze zachowują się coraz bardziej swawolnie, a my od miesięcy nie dorwaliśmy nikogo choć wiemy, że tu są. Przez taki obrót spraw Gor Na Cez i Gor Na Kagan stali się napięci jak cięciwa w łuku jeśli tylko ktoś wspomni o tym temacie. Jeszcze chwila i to nas będą winić za taki stan rzeczy. Jeśli szybko nie wyśledzimy przynajmniej kilku z tych zdrajców i nie zaprowadzimy ich przed oblicze sprawiedliwości to nasze życie w Faktorii stanie się istnym koszmarem. | G18: Jest 12 oportunistów z czego 9 to praktycznie węże. Kontynuacja fabuły wewnątrzobozowej. Jakieś tropy warto by im dać. | H18: Gor Na Cez i Gor Na Kagan | I18: Strażnicy Świątynni, Nowicjusze | J18: Brak | K18: Ruda oraz predyspozycje do awansu
A19: Czyste serce to świetlna przyszłość | B19: Grupa | C19: Tak | D19: New Gor PL | E19: 23 | F19: Nauki Cor Angara wyraźnie to mówiły, każdy Nowicjusz podczas mianowania na Strażnika Świątynnego porzuca dawnego siebie i staje się nowym człowiekiem. Jeśli tak się nie stanie to niemożliwe jest by mógł bezgranicznie oddać siebie w służbie Śniącemu. Cor Angar zlecił nam mieć oczy otwarte na naszych własnych braci, a mówili o tym nawet w kontekście, który nie wykluczał Guru, a nawet angażował aspirujących o awans Nowicjuszy. Jeśli zauważymy coś wskazującego na to, że wciaż oglądają się w przeszłość, mamy natychmiast zawiadomić o tym Gor Na przewodzącym Straży Świątynnej w Faktorii, którymi są Gor Na Kagan i Gor Na Cez. Trochę ciężko dziwić się takiemu podejściu, w końcu ciężkie czasy wołają o drastyczne środki... Ale czy to nie za dużo? | G19: Wpis do edycji. Każdy z graczy, również guru, mają mroczną stronę swojej postaci. Należy meldować i prowadzić śledztwo w sprawie każdego podejrzenia. | H19: Cor Angar | I19: Strażnicy Świątynni, Nowicjusze, Guru | J19: brak | K19: Bryłki rudy
A20: Wizje łowcy Wiley'a | B20: Postać | C20: Nie | D20: Gor Toth | E20: 35 | F20: Minęły już prawie trzy miesiące odkąd ostatni raz rozmawiałem z Wiley'em. Jednak ciągle prześladuje mnie myśl, że mogłem zrobić dla niego więcej. Mówił mi wtedy, że ma dziwne sny, czy może nawet przebłyski wizji o Śniącym i o naszym Bractwie... Powinienem go odnaleźć i porozmawiać z nim o tym. Być może Mistrzyni Ayen byłaby w stanie wyczytać w tych snach los, który czeka tego szkodnika. Może to znak, żebym sprowadził go na właściwą ścieżkę? Guru na pewno będą zadowoleni z nowych wyznawców. | G20: Na podstawie karty postaci i podsumowania obu graczy | H20: Wątek na prośbę graczy | I20: Strażnicy Świątynni, Guru, Nowicjusze, Szkodniki | J20: nic | K20: nic
A21: Mistrz i uczeń | B21: Postać | C21: Nie | D21: Gor Na Ragu | E21: 34 | F21: Witara już z nami nie ma. Teraz Gor Tar zajął jego miejsce. Według metod jakie wprowadził Gor Na Kagan powienien zostać oddany pod moje powiernictwo jako uczeń. Obawiam się, że biorąc pod uwagę jak niewielu Gor Na znajduje się obecnie w Faktorii Bractwa, to nie mam co na to liczyć. Mimo tego uważam, że jako jego mistrz, a może i przyjaciel, a za nie długo pewnie i brat, to czuję, że powinienem być dla niego wsparciem w nadchodzącej drodze do jego awansu. Na nas obu czekają wyzwania, to jasne. Dla niego to czas na naukę magii i łowiectwa… Gdyby tego było mało to przez ostatnie wydarzenia nasi Mistrzowie stali się bardzo surowi. Mimo to razem wszystkiemu podołamy. | G21: Kontynuacja wątków z podsumowań na życzenie graczy.
A22: Zawsze stoi mi na drodze | B22: Postać | C22: Nie | D22: Gor Vikr | E22: 35 | F22: Gor Na Rex jest znanym i szanowanym Strażnikiem Świątynnym, a przynajmniej za takiego się uważa. To zwykły uzależniony od ziela wariat, a do tego zaskarbił sobie zaufanie Mistrzów. Jestem przekonany, że nie jest taki święty jak wszystkim się zdaje. Gdybym tylko znalazł jakiegoś haka, informację, może uda mi się podkopać jego autorytet. Rex nigdy nie poprze w głosowaniu mojego awansu... Gdyby stracił w oczach pozostałych Mistrzów to jest szansa, że jego głos zostanie podważony i nie przeszkodzi mi w zostaniu Gor Na. Wiem jedno, nie będę dłużej znosił gróźb i krzyków Rexa. Nadszedł czas zapłaty. | G22: Kontynuacja z podsumowania Vikra, wspólna kosa i niechęć. Rozszerzenie wątku prowadzącego do sądu rexa na grze.
A23: Clear heart is the path to future | B23: Grupa | C23: Tak | D23: New Gor EN | E23: 23 | F23: The teachings of Cor Angar made it clear: every Novice, upon being appointed to the Temple Guard, must abandon their former self and become a new person. If that transformation does not occur, it is impossible for them to wholly dedicate themselves in service to the Sleeper. Cor Angar instructed us to keep our eyes open — even on our own brothers — and this was spoken of in a context that did not exclude the Gurus, even implicating Novices aspiring for promotion. If we notice anything suggesting that someone is still looking back to their past, we are to report it immediately to the Gor Na in charge of the Temple Guards at the Outpost — Gor Na Kagan and Gor Na Cez. It’s hard to blame them for such an approach. After all, desperate times call for drastic measures... But isn't this going too far? | G23: Wpis do edycji. Każdy z graczy, również guru, mają mroczną stronę swojej postaci. Należy meldować i prowadzić śledztwo w sprawie każdego podejrzenia. | H23: Cor Angar | I23: Strażnicy Świątynni, Nowicjusze, Guru | J23: brak | K23: Bryłki rudy
A24: Kolega kopacz potrzebuje pomocy | B24: Postać | C24: Nie | D24: Gor Na Ragu | E24: 36 | F24: Mój znajomy kopacz Maruda ma zawsze coś ciekawego do powiedzenia na temat tego co dzieje się dookoła i nie oczędza w wydawaniu mi esencji magicznych w zamian za rudę, co jest nadwyraz pomocne. Ostatnio jednak miał dla mnie trochę mniej czasu, a wręcz wyglądał na zakłopotanego, gdy rozmawialiśmy pod kopalnią. Powiedział mi, że ma ważną sprawę, którą musi załatwić w związku z innym kopaczem. Nie zastanawiałem się nad tym ani trochę no bo w końcu wszyscy mamy jakieś rzeczy do zrobienia, mniej lub bardziej palące. Jednakże zanim się pożegnalimy zapytał się mnie czy gdyby mnie poprosił o nietypową przysługę, okupioną sowicie rudą czy esencją, to czy chociaż rozważyłbym ją... Wydawał się mocno zakłopotany samym wystosowaniem takiej prośby wobec mnie. Na odchodne powiedziałem mu, że musiałby powiedzieć mi o co chodzi dokładnie i wtedy mógłby się spodziewać mojej odpowiedzi. Maruda wtedy tylko kiwnął głową i w ewidentnym zamyśleniu ruszył w swoim kierunku. Cokolwiek by to nie było, za przysługę tego typu pewnie mogę uzyskać więcej niż rudę czy esencję. Pytanie tylko z jakim ryzykiem wiąże się angażowanie w tą sprawę... A to chyba będę musiał wybadać i ocenić już sam.
A25: Tęsknota, czy wiara | B25: Postać | C25: Nie | D25: Gor Balar | E25: 31 | F25: Minęło już dużo czasu odkąd mnie tutaj zrzucili. Znalazłem tu wszystko czego potrzebowałem. Nowych braci, miejsce do życia, cel. A jednak, mimo wszystko, pojawia się w głowie ta myśl. Rodzina... Dom... Czy żyją? Czy sobie radzą? Kto się teraz nimi opiekuje kiedy mnie zabrakło? Mam nadzieję, że moja siostra Ellie dba dobrze o Ojca. Biedny staruszek nie jest już tak sprawny jak dawniej... Ech, oddałbym wiele, by móc im teraz pomóc. By usłyszeć, że mają się dobrze... Jednak nie może mnie to rozpraszać od moich obecnych obowiązków. Strażnikowi Świątynnemu nie przystoi tęsknić za poprzednim życiem. Stąd i tak nie da się uciec. Jedyna nadzieja w Śniącym... Chyba muszę po prostu o nich zapomnieć... ale... nie chcę. Podczas naszego pierwszego dnia w Faktorii Bractwa ma się odbyć kolejny zrzut skazańców do Kolonii Górniczej. Może powinienem udać się tam i zobaczyć czy nie ma tam jakiś znajomych twarzy. Mógłbym wtedy od kogoś dowiedzieć się jak się sprawy mają poza Barierą. | G25: Jedna ze Skazańczyń jest siostą Balara, Ellie. będzie potrzebowała jego pomocy w trakcie larpa. | H25: Rodzina | I25: Skazańcy, Strażnicy Świątynni | J25: list drugiego dnia, ogarnia Kazik | K25: szczęśliwa rodzina lub Bractwo
A26: Uszy i oczy w Nowym Obozie | B26: Postać | C26: Nie | D26: Gor Gyyrax | E26: 35 | F26: Słyszałem, że w okolicach Faktorii informacje bywają często cenniejsze niż ruda. Nie zamierzam więc przybyć tam nieprzygotowany. Jeden z nowicjuszy, Zysk, ma sporo kontaktów w Nowym Obozie, a to może się okazać bardzo przydatne. Zgodził się, za niewielką zapłatą, szpiegować i donosić mi o wszystkim czego się dowie. Muszę dopilnować, żeby te informacje trafiały bezpośrednio do mnie. Jeśli dostarczę moim Mistrzom dość wiadomości to zaskarbię sobie ich zaufanie, a to z pewnością przybliży mnie do awansu. | G26: jest drugi koniec u Zyska | H26: SŚ | I26: Strażnicy Świątynni, Nowicjusze | J26: nic | K26: nic
A27: Wczorajsza wizja | B27: Postać | C27: Nie | D27: Gor Na Ragu | E27: 32 | F27: Na dzień przed wyruszeniem do Faktorii Bractwa, udałeś się do świątyni Śniącego aby zebrać myśli. Było tam dość pusto, pojedynczy Nowicjusze kończyli właśnie ostatnie porządki. Wsłuchując się w ciszę i aurę tego miejsca pogrążyłeś się w modlitwie. Wtedy to ujrzałeś. Silbach. Stałeś w samym środku wioski. Ludzie dookoła świętowali, bawili się. Na uboczu zobaczyłeś pewną postać. Kobietę odtrąconą przez tłum. Spotkaliście się wzrokiem. Była smutna, a jej oczy szukały ratunku. Czułeś jak na Twojej twarzy maluje się współczucie i zrozumienie. Uśmiechnęła się lekko, a jej oczy wypełniła nadzieja. Nagle wszystko się rozpłynęło, a gdy otworzyłeś oczy znów byłeś w świątyni. "Wizja" pomyślałeś... Miałeś wrażenie, że znasz tę dziewczynę. "Digis", chyba tak miała na imię, była miejscową zielarką. "Ale co to ma wspólnego ze mną?". Myślałeś przez chwilę, ale nie znalazłeś na to pytanie odpowiedzi. Zmęczony i zamyślony postanowiłeś udać się na spoczynek. Jutro w końcu wielki dzień przybycia wiernych z Obozu Bractwa do Faktorii... i zrzutu nowych skazańców do kolonii... | G27: Wątek o silbach na próbę gracza, Digis będzie potrzebować pomocy Ragu | H27: Los, Gor Na Cez | I27: Skazańcy, Strażnicy Świątynni | J27: brak | K27: Nowy członek dla bractwa
A28: Niewierni przyjaciele moich braci | B28: Postać | C28: Nie | D28: Gor Ruh | E28: 35 | F28: Słyszałem od Gor Na wracających z Faktorii Bractwa, że niektórzy spośród Strażników Świątynnych przebywających w Faktorii Bractwa, utrzymają bardziej niż przyjazne kontakty z niewiernymi. Zwłaszcza ze Strażnikami ze Starego Obozu. W świetle tego co słyszałem o doktrynach jakie przekazują Gor na Kagan i Gor Na Cez to moim obowiązkiem jest informowanie ich o tym. Wystarczy tylko, że usłyszę lub zobaczę na własne oczy jak i z kim te relacje wyglądają, a na pewno zostanę za te doniesienia wynagrodzony. | G28: Wątek na podstawie kp, pierwszy larp. Może się połączyć z wątkami o wewnętrznych konfliktach SŚ i sądzie Rexa. Zredagowane, przepisane. Do tego zachacza o poczucie obowiązku, które gracz zapisał w karcie postaci.
A29: Enemies from the past | B29: Postać | C29: Nie | D29: Gor Bács | E29: 39 | F29: I still can't forget how Shadows and Guard from Old Camp treated me when I was a newbie convict freshly thrown to the Colony. My guess is that besides that they didn't like my face they could not understand my language.. Thou I speak Old Myrthanian only it's just unforgivable that they had almost killed me. I know, I became a new man when I was taken into Temple Guard caste, but this cannot continue, not with those two.. A lot of days have past since then and I still remember their names.. Torin and Deavon.. Yet, I am torn apart between decisions. How should I retaliate so they won't do any of that again.. or should I make peace with them? Either way I must do something about it. | G29: Po wrzuceniu do koloni został dotkliwie pobity przez dwóch cieni, teraz do niego należy decyzja czy wybierze zemstę, czy pojednanie | H29: nic | I29: Strażnicy Świątynni, Cienie | J29: nic | K29: nic
A30: Kto zadziera z Bractwem | B30: Grupa | C30: Tak | D30: SS Kont PL | E30: 26 | F30: Doszły was słuchy, że Nowicjusze notorycznie narzekają pomiędzy sobą i ostrzegają się nawzajem przed jednym Cieniem, który ma na sumieniu poważne występki przeciwko sługom Śniącego. Ponoć bez opamiętania wybiera sobie to nieporadniejszych Nowicjuszy na cel, kradnie od nich skręty bagiennego ziela oraz rudę, a tym samym urąga reputacji Bractwa jako społeczności, która chroni swoich wiernych. Pora przerwać ten proceder. Ponoć Nowicjusz Arno został przez niego osobiście napadnięty i pewnie chętnie nam go wskaże. Problem tylko jest taki, że kilka oskażeń nie wystarczy, bo Gomez i jego Strażnicy dobrze chronią swoich ludzi... Trzeba będzie tego gagatka przyłapać na kolejnym występku i dopiero wtedy działać. | G30: Marko pogrywa sobie z bractwem, napada nowicjuszy, kradnie bagienne ziele i czerpie z tego korzyści. Pora przerwać ten proceder. (wpisać nowicjuszom cienia Marko w wątkach jako tego, który na nich napada. Status: Napisane Mortisowi żeby zrobił Marko wpis po swojej stronie, Mortis przekazał kwestię Lisowi) Wpisać Arno wątek, że pamieta dobrze mordę tego gościa i jego imię. Oraz, że czas z tym pójść do straży i odegrać się należycie | H30: Gor Na Kagan, Gor Na Cez | I30: Strażnicy Świątynni, Nowicjusze, Cienie | J30: brak | K30: ruda, pochwała, przybliżenie do awansu na Gor Na
A31: Inni mówią, że to rupieć. Ja nazywam to skarbem. | B31: Postać | C31: Nie | D31: Gor Tar | E31: 34 | F31: Myślałeś, że los się do ciebie uśmiechnął. Znalazłeś przy zwłokach jakiegoś nieszczęśnika rozszarpanego przez dzikie bestie fragment listu. Kiedy otworzyłeś go, nie wiedziałeś czego się spodziewać, ale na pewno nie takiego bełkotu o magach, teleportach, klielichach i innych fantasmagoriach. Do tego jakiś zwój magiczny, ale równie bezużyteczny - pytałeś już o to Guru. Nie wygląda na to, żeby miał ci się na coś przydać i już miałeś go wyrzucić, ale... Pomyślałeś sobie, że jeśli miał go przy sobie jakiś obdartus to prawdopodobnie ukradł go od kogoś wpływowego. Kto wie? Może znajdzie się ktoś, kto zapłaci okrągłą sumkę za taki świstek? | G31: quest od Keiry - ma fragment listu prowadzący do zgonu Maginii Wiktorii - list ogarnia Keira | H31: Keira | I31: Strażnicy Świątynni, Magowie Wody | J31: https://docs.google.com/document/d/15m2ZdaJyBUS_MzACpZqPqOgolPGrQzCR1-YrHf0lGRU/edit?tab=t.0 | K31: <- list do druku ogarnia Keira
A32: Tchnienie braci moich | B32: Postać | C32: Nie | D32: Gor Tar | E32: 32 | F32: Pamiętasz dobrze moment w którym Baal Sach położył swoją rękę na twojej głowie i powiedział, że staniesz się Gor Na. W tamtym momencie wiedziałeś, że to prawda ponieważ przez dotyk czułeś przepływające Tchnienie. Nie dało się tego pomylić z niczym innym. Czułeś jak Śniący przemawia przez proroka. Podczas ostatnich wielu dni treningów wśród Straży Świątynnej w obozie Bractwa nie raz śniłeś o tamtej wspaniałej chwili. A jednak kiedy we śnie rozglądasz się pośród braci, którzy byli tam wtedy z tobą widzisz jak przez wielu z nich to Tchnienie przepływa. U jednych swobodnie, z mniejszym lub większym natężeniem, a u innych stłamszone, rozdarte i niejednostajne. Jesteś pewien, że coś z nimi jest nie tak, w jednym momencie patrzą na ciebie i uczestniczą w modlitwie wiernych, a w drugiej odwracają się i oglądają wstecz, patrząc daleko w tył. Wśród tych zagłuszonych duchów znajduje się Gor Na Ragu, Gor Na Rex... i wiele innych znajomych sylwetek. Choć nie widzisz ich twarzy, wiesz że to oni, a widok ten sprawia ci ból, który dobrze znasz, choćby z twoich dni bycia Nowicjuszem. Rankiem, po nocy, w której miewasz ten sen, zawsze czujesz ulgę, ale nie wiesz czemu. W końcu widok stłamszonych duchów braci, których uważasz za wzory powoduje ci tyle cierpienia... Jesteś pewien co do jednego. To znak od Śniącego, że musisz im pomóc oddać się Śniącemu całkowicie. Wiesz, że masz dar, z którego nie potrafisz jeszcze korzystać, ale który ma realny wpływ na twoje życie... Dar od Śniącego. Kiedy przebywałeś w Obozie Bractwa wśród nowych Gor'ów takich jak ty krążyło wiele plotek na temat Gor Na przebywających w Faktorii... Podobno jeden z nich, dawno temu, odprawił z Guru rytuał, za pomocą którego stał się "natchniony przez samego Śniącego". Rzekome błogosławieństwo miało objawiać się w jego oczach raz po raz i dzięki niemu miał widzieć więcej niż pozostali bracia... Nie mogę oprzeć się wrażeniu, że brzmi to bardzo podobnie do tego co ze mną się dzieje... Tylko, który z Guru mógłby pamietać tamte czasy i który z Gor Na był tym błogosławionym. Mam swoje podejrzenia, ale prawdy nie dowiem się jeśli nie będę za nią aktywnie podążał... | G32: Wątek "Tchnienia" Gor Tara, który naprowadza go na nieczyste dusze znajdujące się pośród SŚ. Wątek będzie kontynuowany przez sprowadzanie wizji na Gor Tara w obecności Baal'a Mosira i Gor Na Kagana (może jeszcze Ayen, bo jest od wizji). Będzie za pomocą tego w stanie wyszukiwać zdrajców w obozie i uzyskiwać informacje na temat rzeczy ukrytych przed wzrokiem. | H32: Śniący | I32: Strażnicy Świątynni | J32: nic | K32: nic
A33: Dawny znajomy | B33: Postać | C33: Nie | D33: Gor Na Rex | E33: 37 | F33: Na dzień przed wyruszeniem do Faktorii, Gor Na Cez wspomniał, że ma pewną sprawę o której mi opowie jak dotrzemy na miejsce. Podobno chodzi o naszego dawnego przyjaciela. Nie chciał mi powiedzieć niestety nic więcej... Ciekawe o co chodzi. | G33: Zahaczka żeby wciągnąć Rexa do exhumacji Kennetha | H33: Gor Na Cez | I33: Strażnicy Świątynni, Guru, Nowicjusze | J33: kukła Kennetha, moderowana scena exhumacji. (zgłoszone organizacji) | K33: Ostatnia przygoda z Kennethem.
A34: Artefakt dla bractwa | B34: Postać | C34: Nie | D34: Gor Na Rex | E34: 35 | F34: Kolonia Górnicza to małe miejsce. Wieści i plotki szybko się roznoszą, a najciekawsze informacje docierają nawet do nas na bagno. Pewien Nowicjusz doniósł mi, że Garhax, Strażnik którego z resztą dobrze znam, wszedł w posiadanie pewnego przedmiotu. Jest to podobno nowa broń. Ostrze o magicznej mocy. Czy to możliwe żeby zwykły Strażnik zdobył sam coś takiego? A magiczne właściwości tego ostrza? Taki artefakt nie powinien się znajdować w rękach Starego Obozu. Muszę porozmawiać z Garhaxem i dowiedzieć się czegoś więcej. Baalowie na pewno chętnie usłyszą o tych magicznych właściwościach, a przysłużę się jeszcze bardziej jeśli sprawię, że to ostrze będzie służyło Bractwu. Ta broń musi trafić przed oblicze Guru. Taki artefakt musi zostać przez nich zbadany. Dopilnuję tego. | G34: Wątek personalny Garhaxa | H34: Fanatyzm | I34: Strażnicy, Strażnicy Świątynni | J34: Miecz Garhaxa (ogarnia gracz) | K34: Uznanie Guru, możliwy nowy członek dla Bractwa
A35: To wizje? Koszmary? Czy może wspomnienia? | B35: Postać | C35: Nie | D35: Gor Vith | E35: 35 | F35: Śniący okazjonalnie zsyła mi różne wizje. Jednak ostatnio widzę je częściej, dokładniej jedną. Jesteśmy w środku napadu, rabujemy zwykły transport narzędzi na głównym trakcie między miastami. Gdy są wystarczająco blisko wyskakuję z ukrycia i zadaję pierwsze ciosy. Gdy członkowie karawany padają na ziemię, widzę ich zakrwawione twarze i zimne pobielałe oczy. Podnoszę wzrok i przeszywa mnie dreszcz. Przede mną stoją tłumy. Zapłakane żony ofiar, całe rodziny. Nie mogę się ruszyć. Z bezruchu wyrywa mnie dopiero uderzenie strażnika miejskiego, który z całym oddziałem łapie mnie i morduje moich towarzyszy. Wleczony do więzienia tracę przytomność. Budzę się znowu w kolonii. Nie mam pojęcia czemu ta wizja tak często mnie teraz nawiedza. Gdy pojawiła się po raz pierwszy poszedłem porozmawiać z Baal Ayen, naszą Mistrzynią. Jednak wizja zaczęła wracać do mnie coraz częściej. Nie pamiętam bym miał choć dzień wytchnienia... Co to wszystko znaczy? Czy Śniący chce mi coś przekazać? Do czasu złamania uroku odgrywaj następujący efekt: Przynajmniej raz dziennie (można więcej) odgrywaj, że ponownie przeżywasz wizję której właśnie doświadczyłeś. Podbij odgrywanie negatywnych emocji i szaleństwa. Potem na czas dwóch scen odgrywaj wyczerpanego i zmęczonego.
A36: Ruda za moje oddanie | B36: Grupa | C36: Nie | D36: SS PL | E36: 29 | F36: Magiczna ruda... krew w żyłach organizmu jakim jest Górnicza Dolina zamknięta pod Barierą. Za wypełnianie obowiązków Straży Świątynnej mogę zgosić się każdego poranka do Gor Na Kagana lub Gor Na Ceza, aby odebrać Trybut. Dla Gor jest to 15 bryłek, dla Gor Na — 30... Za udział w zbrojnych zadaniach, na których narażamy nasze życia, również otrzymuję zapłatę, Gor otrzymują 20, z kolei Gor Na — 40 za każdą taką misję. Oczywiście, wypełniając zadania Gor Na ponad te wymagające zbrojnej ręki, otrzymujemy nagrodę, ale tu jej wysokość zależy od tego jak trudne są i od kosztu ich realizacji. Dla szukających kolejnego pewnego źródła rudy są jeszcze Guru, którym i tak już służymy, ale żeby zostać przez nich obdarowanym trzeba czuwać przy nich dzień i noc, a co za tym idzie, zrezygnować z innch zadań. No, ale to już do mnie należy decyzja jakim sprawom w ciągu dnia się oddam. | G36: Wątek informujący o źródłach finansowania SŚ | H36: Gor Na Kagan, Gor Na Cez | I36: Strażnicy Świątynni, Guru | J36: ruda od Karola | K36: ruda
A37: Ore for my devotion | B37: Grupa | C37: Nie | D37: SS EN | E37: 29 | F37: Magic ore… the blood coursing through the veins of the organism that is the Valley of Mines, sealed beneath the Barrier. For fulfilling the duties of the Temple Guard, I can report every morning to Gor Na Kagan or Gor Na Cez to receive my Tribute. For a Gor, it's 15 ore, for a Gor Na — 30... For participating in armed missions, where we risk our lives, I also receive payment — 20 for a Gor, and 40 for a Gor Na per mission. Of course, when carrying out tasks from the Gor Na beyond those that require a strong arm, we receive a reward as well, but its amount depends on how difficult the task is and how costly it is to complete. For those seeking another steady source of ore, there are also the Gurus — whom we already serve — but to be granted their favor, one must remain by their side day and night. And that means giving up other duties. Well, in the end, it’s up to me to decide which matters I take upon myself each day. | G37: Wątek informujący o źródłach finansowania SŚ | H37: Gor Na Kagan, Gor Na Cez | I37: Strażnicy Świątynni, Guru | J37: ruda od Karola | K37: ruda
A38: Niech Śniący ma mnie w swojej opiece | B38: Grupa | C38: Nie | D38: SS Kont Gor PL | E38: 22 | F38: Jestem Strażnikiem Świątynnym od dłuższego czasu, a mimo to wciąż nie udało mi się otrzymać tytułu Gor Na. Nie pamiętam już, czy stało się tak przez to, że za mało się starałem, czy przez to, że zająłem się zadaniami, które w oczach tamtych Gor Na były mniej wartościowe... W każdym razie, od pewnego czasu Gor Na Kagan patrzy na ten stan rzeczy podejrzliwym wzrokiem. Na początku, od czasu do czasu, wyrażał zdziwienie, że pomimo tak długiej służby wciąż ktoś mnie w tym awansie ubiega... Mówił, że jeszcze przyjdzie na mnie pora lub że wobec kogoś Śniący był szczodrzejszy... Ostatnio w jego głosie pojawiło się wyraźne zirytowanie, kiedy o tym mówił, a potem – podejrzliwość w oczach... Widzę to jasno – ma wobec mnie pewne oczekiwania i jeśli ich nie spełnię, nie pokażę, że naprawdę się staram, że to wszystko jest złe fatum, to mogę stracić coś więcej niż moją pozycję w Bractwie... | G38: Wątek zapalający ognisko pod dupą Gora z kontynuacją | H38: Gor Na Kagan | I38: Strażnicy Świątynni | J38: nóż | K38: zachowanie życia
A39: May the Sleeper watch over me | B39: Grupa | C39: Nie | D39: SS Kont Gor EN | E39: 22 | F39: I’ve been a Temple Guard for quite some time now, and yet I still haven’t managed to earn the title of Gor Na. I can no longer remember whether it’s because I didn’t try hard enough, or because I took on tasks that, in the eyes of those Gor Na, were of lesser value... In any case, for some time now, Gor Na Kagan has been eyeing this situation with suspicion. At first, from time to time, he would express surprise that despite such long service, someone else always manages to outrun me in promotion... He said my time would come, or that the Sleeper had been more generous to someone else... Lately, there's been clear irritation in his voice when he speaks of it — and then, suspicion in his eyes... I see it clearly now — he has certain expectations of me, and if I don’t meet them, if I don’t prove that I’m truly making an effort, that it’s all just a matter of cruel fate, then I may lose something more than just my position within the Brotherhood... | G39: Wątek zapalający ognisko pod dupą Gora z kontynuacją | H39: Gor Na Kagan | I39: Strażnicy Świątynni | J39: nóż | K39: zachowanie życia
A40: Problems of my people | B40: Postać | C40: Nie | D40: Gor Omba | E40: 35 | F40: I recently heard that my Temple Guard brothers have come in contact with swamp weed smokes which were manufactured in the New Camp rice field outpost... I'm sure that they'll use whatever means nessesary to find and shut down this business that harms brotherhood main source of ore. I should try to outrun them and use my contacts in there and take this matter into my hands. If I manage to do so I'll certainly prove myself useful to the rest of the Temple Guards and thus take some heat off my shoulders.
A41: They are not faithful enought | B41: Postać | C41: Nie | D41: Gor Gior | E41: 35 | F41: I know for a fact that Novices duties in the Brotherhood Outpost are mainly conected to dealing swamp weed. Which is fine and I have no problem with that. But besides that and taking part in obligatory ceremonies organized by Gurus it is not enough in my book... I should encourage them to pray more and show their devotion to the Sleeper. They should be thankful that they are part of this wonderful religion and I'll help them prove it to us. I should set up designated offering station in the Brotherhood Outpost and look closely which of them make offes and which do not. Information about that will certainly be useful to Gurus and moreover that ore coming from offerings will most definitaly help our Temple Guard missions.
A42: Since I am doing mostly guard duties | B42: Postać | C42: Nie | D42: Gor Omba | E42: 33 | F42: Since I am doing mostly guard duties I should use that to my advantage. Discipline among Novices is a thing that Gor Na Kagan speaks oftenly from some time now. I know for a fact what he means by that: I ought to keep peace and silence in the Brotherhood Outpost to make this place proper for meditation, I should watch over Novices so they don't steal either from each other as well as watch over any incoming guests. So there's that. No stealing, no screaming and making ruckus. Maybe if I add to this organisation of fighting lessons for other Temple Guards and Novices I'll make myself even more useful. Gor Na will certainly notice my deviotion if manage to pull this off.
A43: Since I am doing mostly guard duties | B43: Postać | C43: Nie | D43: Gor Gior | E43: 37 | F43: Since I speak only in Old Myrthanian language I know that a lot of what others say will be indecipherable. This will probably result in me having different duties than other Temple Guards but I am sure that I'll be given tasks focused on keeping peace in the Brotherhood Outpost. I should use that situation to my advantage. This duties, to my knowleadge are: I ought to keep peace and silence in the Brotherhood Outpost to make this place proper for meditation, I should watch over Novices so they don't steal either from each other as well as watch over any incoming guests. So there's that. No stealing, no screaming and making ruckus. Maybe if I forge some accusation over "despicable" behaviour like not bowing when walking past Sleeper monument or not bowing when speaking to Gurus I can make some Novices pay compensation for their misdemeanors which will certainly prove useful to accomodate Temple Guards expences. Gor Na will most definitely admire my devotion and see me as disciplined and true Sleeper's beliver.
A44: We should stick together | B44: Grupa | C44: Tak | D44: SS EN | E44: 25 | F44: It probably seems to many that us speaking only in Old Myrthanian language is some kind of set back. But they are wrong and we will prove them that. We should stick together, work together, take action toghether and in result whatever task will be given will carry out like we should. Gor Na Kagan will cerainly have a lot of work for us and thus we'll do just fine.

Sheet Data_Validation
A1: Klasa | B1: Nie | D1: {=IF(#REF!=$A$1,INDIRECT("Klasa"),IF(#REF!=$A$2,INDIRECT("Grupa"),IF(#REF!=$A$3,INDIRECT("Postać"),"Nie")))} -> #REF! | F1: {=IF(#REF!=$A$1,INDIRECT("KlasaNazwa"),IF(#REF!=$A$2,INDIRECT("GrupaNazwa"),IF(#REF!=$A$3,INDIRECT("PostaćNazwa"))))} -> #REF! | G1: {=IF('Wątki'!$B2=$A$1,INDIRECT("KlasaNazwa"),IF('Wątki'!$B2=$A$2,INDIRECT("GrupaNazwa"),IF('Wątki'!$B2=$A$3,INDIRECT("PostaćNazwa"))))} -> Bezi | H1: {=IF(#REF!=$A$1,INDIRECT("KlasaNazwa"),IF(#REF!=$A$2,INDIRECT("GrupaNazwa"),IF(#REF!=$A$3,INDIRECT("PostaćNazwa"))))} -> #REF! | I1: {=IF('Wątki'!$B3=$A$1,INDIRECT("KlasaNazwa"),IF('Wątki'!$B3=$A$2,INDIRECT("GrupaNazwa"),IF('Wątki'!$B3=$A$3,INDIRECT("PostaćNazwa"))))} -> SS PL | J1: {=IF('Wątki'!$B4=$A$1,INDIRECT("KlasaNazwa"),IF('Wątki'!$B4=$A$2,INDIRECT("GrupaNazwa"),IF('Wątki'!$B4=$A$3,INDIRECT("PostaćNazwa"))))} -> SS PL | K1: {=IF('Wątki'!$B5=$A$1,INDIRECT("KlasaNazwa"),IF('Wątki'!$B5=$A$2,INDIRECT("GrupaNazwa"),IF('Wątki'!$B5=$A$3,INDIRECT("PostaćNazwa"))))} -> SS PL | L1: {=IF('Wątki'!$B6=$A$1,INDIRECT("KlasaNazwa"),IF('Wątki'!$B6=$A$2,INDIRECT("GrupaNazwa"),IF('Wątki'!$B6=$A$3,INDIRECT("PostaćNazwa"))))} -> SS PL | M1: {=IF('Wątki'!$B7=$A$1,INDIRECT("KlasaNazwa"),IF('Wątki'!$B7=$A$2,INDIRECT("GrupaNazwa"),IF('Wątki'!$B7=$A$3,INDIRECT("PostaćNazwa"))))} -> SS PL | N1: {=IF('Wątki'!$B8=$A$1,INDIRECT("KlasaNazwa"),IF('Wątki'!$B8=$A$2,INDIRECT("GrupaNazwa"),IF('Wątki'!$B8=$A$3,INDIRECT("PostaćNazwa"))))} -> SS PL | O1: {=IF('Wątki'!$B9=$A$1,INDIRECT("KlasaNazwa"),IF('Wątki'!$B9=$A$2,INDIRECT("GrupaNazwa"),IF('Wątki'!$B9=$A$3,INDIRECT("PostaćNazwa"))))} -> SS PL | P1: {=IF('Wątki'!$B10=$A$1,INDIRECT("KlasaNazwa"),IF('Wątki'!$B10=$A$2,INDIRECT("GrupaNazwa"),IF('Wątki'!$B10=$A$3,INDIRECT("PostaćNazwa"))))} -> SS PL | Q1: {=IF('Wątki'!$B11=$A$1,INDIRECT("KlasaNazwa"),IF('Wątki'!$B11=$A$2,INDIRECT("GrupaNazwa"),IF('Wątki'!$B11=$A$3,INDIRECT("PostaćNazwa"))))} -> SS PL | R1: {=IF('Wątki'!$B12=$A$1,INDIRECT("KlasaNazwa"),IF('Wątki'!$B12=$A$2,INDIRECT("GrupaNazwa"),IF('Wątki'!$B12=$A$3,INDIRECT("PostaćNazwa"))))} -> SS PL | S1: {=IF('Wątki'!$B13=$A$1,INDIRECT("KlasaNazwa"),IF('Wątki'!$B13=$A$2,INDIRECT("GrupaNazwa"),IF('Wątki'!$B13=$A$3,INDIRECT("PostaćNazwa"))))} -> SS PL | T1: {=IF('Wątki'!$B14=$A$1,INDIRECT("KlasaNazwa"),IF('Wątki'!$B14=$A$2,INDIRECT("GrupaNazwa"),IF('Wątki'!$B14=$A$3,INDIRECT("PostaćNazwa"))))} -> Bezi | U1: {=IF('Wątki'!$B15=$A$1,INDIRECT("KlasaNazwa"),IF('Wątki'!$B15=$A$2,INDIRECT("GrupaNazwa"),IF('Wątki'!$B15=$A$3,INDIRECT("PostaćNazwa"))))} -> Bezi | V1: {=IF('Wątki'!$B16=$A$1,INDIRECT("KlasaNazwa"),IF('Wątki'!$B16=$A$2,INDIRECT("GrupaNazwa"),IF('Wątki'!$B16=$A$3,INDIRECT("PostaćNazwa"))))} -> Bezi | W1: {=IF('Wątki'!$B17=$A$1,INDIRECT("KlasaNazwa"),IF('Wątki'!$B17=$A$2,INDIRECT("GrupaNazwa"),IF('Wątki'!$B17=$A$3,INDIRECT("PostaćNazwa"))))} -> Bezi | X1: {=IF('Wątki'!$B18=$A$1,INDIRECT("KlasaNazwa"),IF('Wątki'!$B18=$A$2,INDIRECT("GrupaNazwa"),IF('Wątki'!$B18=$A$3,INDIRECT("PostaćNazwa"))))} -> SS PL | Y1: {=IF('Wątki'!$B19=$A$1,INDIRECT("KlasaNazwa"),IF('Wątki'!$B19=$A$2,INDIRECT("GrupaNazwa"),IF('Wątki'!$B19=$A$3,INDIRECT("PostaćNazwa"))))} -> SS PL | Z1: {=IF('Wątki'!$B20=$A$1,INDIRECT("KlasaNazwa"),IF('Wątki'!$B20=$A$2,INDIRECT("GrupaNazwa"),IF('Wątki'!$B20=$A$3,INDIRECT("PostaćNazwa"))))} -> Bezi | AA1: {=IF('Wątki'!$B21=$A$1,INDIRECT("KlasaNazwa"),IF('Wątki'!$B21=$A$2,INDIRECT("GrupaNazwa"),IF('Wątki'!$B21=$A$3,INDIRECT("PostaćNazwa"))))} -> Bezi | AB1: {=IF(#REF!=$A$1,INDIRECT("KlasaNazwa"),IF(#REF!=$A$2,INDIRECT("GrupaNazwa"),IF(#REF!=$A$3,INDIRECT("PostaćNazwa"))))} -> #REF! | AC1: {=IF('Wątki'!$B22=$A$1,INDIRECT("KlasaNazwa"),IF('Wątki'!$B22=$A$2,INDIRECT("GrupaNazwa"),IF('Wątki'!$B22=$A$3,INDIRECT("PostaćNazwa"))))} -> Bezi | AD1: {=IF('Wątki'!$B23=$A$1,INDIRECT("KlasaNazwa"),IF('Wątki'!$B23=$A$2,INDIRECT("GrupaNazwa"),IF('Wątki'!$B23=$A$3,INDIRECT("PostaćNazwa"))))} -> SS PL | AE1: {=IF('Wątki'!$B24=$A$1,INDIRECT("KlasaNazwa"),IF('Wątki'!$B24=$A$2,INDIRECT("GrupaNazwa"),IF('Wątki'!$B24=$A$3,INDIRECT("PostaćNazwa"))))} -> Bezi | AF1: {=IF(#REF!=$A$1,INDIRECT("KlasaNazwa"),IF(#REF!=$A$2,INDIRECT("GrupaNazwa"),IF(#REF!=$A$3,INDIRECT("PostaćNazwa"))))} -> #REF! | AG1: {=IF('Wątki'!$B25=$A$1,INDIRECT("KlasaNazwa"),IF('Wątki'!$B25=$A$2,INDIRECT("GrupaNazwa"),IF('Wątki'!$B25=$A$3,INDIRECT("PostaćNazwa"))))} -> Bezi | AH1: {=IF('Wątki'!$B26=$A$1,INDIRECT("KlasaNazwa"),IF('Wątki'!$B26=$A$2,INDIRECT("GrupaNazwa"),IF('Wątki'!$B26=$A$3,INDIRECT("PostaćNazwa"))))} -> Bezi | AI1: =IF(#REF!=$A$1,INDIRECT("KlasaNazwa"),IF(#REF!=$A$2,INDIRECT("GrupaNazwa"),IF(#REF!=$A$3,INDIRECT("PostaćNazwa")))) -> #REF! | AJ1: =IF(#REF!=$A$1,INDIRECT("KlasaNazwa"),IF(#REF!=$A$2,INDIRECT("GrupaNazwa"),IF(#REF!=$A$3,INDIRECT("PostaćNazwa")))) -> #REF! | AK1: {=IF('Wątki'!$B27=$A$1,INDIRECT("KlasaNazwa"),IF('Wątki'!$B27=$A$2,INDIRECT("GrupaNazwa"),IF('Wątki'!$B27=$A$3,INDIRECT("PostaćNazwa"))))} -> Bezi | AL1: {=IF('Wątki'!$B28=$A$1,INDIRECT("KlasaNazwa"),IF('Wątki'!$B28=$A$2,INDIRECT("GrupaNazwa"),IF('Wątki'!$B28=$A$3,INDIRECT("PostaćNazwa"))))} -> Bezi | AM1: {=IF('Wątki'!$B29=$A$1,INDIRECT("KlasaNazwa"),IF('Wątki'!$B29=$A$2,INDIRECT("GrupaNazwa"),IF('Wątki'!$B29=$A$3,INDIRECT("PostaćNazwa"))))} -> Bezi | AN1: {=IF('Wątki'!$B30=$A$1,INDIRECT("KlasaNazwa"),IF('Wątki'!$B30=$A$2,INDIRECT("GrupaNazwa"),IF('Wątki'!$B30=$A$3,INDIRECT("PostaćNazwa"))))} -> SS PL | AO1: {=IF('Wątki'!$B31=$A$1,INDIRECT("KlasaNazwa"),IF('Wątki'!$B31=$A$2,INDIRECT("GrupaNazwa"),IF('Wątki'!$B31=$A$3,INDIRECT("PostaćNazwa"))))} -> Bezi | AP1: {=IF('Wątki'!$B32=$A$1,INDIRECT("KlasaNazwa"),IF('Wątki'!$B32=$A$2,INDIRECT("GrupaNazwa"),IF('Wątki'!$B32=$A$3,INDIRECT("PostaćNazwa"))))} -> Bezi | AQ1: {=IF('Wątki'!$B33=$A$1,INDIRECT("KlasaNazwa"),IF('Wątki'!$B33=$A$2,INDIRECT("GrupaNazwa"),IF('Wątki'!$B33=$A$3,INDIRECT("PostaćNazwa"))))} -> Bezi | AR1: {=IF('Wątki'!$B34=$A$1,INDIRECT("KlasaNazwa"),IF('Wątki'!$B34=$A$2,INDIRECT("GrupaNazwa"),IF('Wątki'!$B34=$A$3,INDIRECT("PostaćNazwa"))))} -> Bezi | AS1: {=IF('Wątki'!$B35=$A$1,INDIRECT("KlasaNazwa"),IF('Wątki'!$B35=$A$2,INDIRECT("GrupaNazwa"),IF('Wątki'!$B35=$A$3,INDIRECT("PostaćNazwa"))))} -> Bezi | AT1: {=IF('Wątki'!$B36=$A$1,INDIRECT("KlasaNazwa"),IF('Wątki'!$B36=$A$2,INDIRECT("GrupaNazwa"),IF('Wątki'!$B36=$A$3,INDIRECT("PostaćNazwa"))))} -> SS PL | AU1: {=IF(#REF!=$A$1,INDIRECT("KlasaNazwa"),IF(#REF!=$A$2,INDIRECT("GrupaNazwa"),IF(#REF!=$A$3,INDIRECT("PostaćNazwa"))))} -> #REF! | AV1: {=IF('Wątki'!$B37=$A$1,INDIRECT("KlasaNazwa"),IF('Wątki'!$B37=$A$2,INDIRECT("GrupaNazwa"),IF('Wątki'!$B37=$A$3,INDIRECT("PostaćNazwa"))))} -> SS PL | AW1: {=IF('Wątki'!$B38=$A$1,INDIRECT("KlasaNazwa"),IF('Wątki'!$B38=$A$2,INDIRECT("GrupaNazwa"),IF('Wątki'!$B38=$A$3,INDIRECT("PostaćNazwa"))))} -> SS PL | AX1: {=IF('Wątki'!$B39=$A$1,INDIRECT("KlasaNazwa"),IF('Wątki'!$B39=$A$2,INDIRECT("GrupaNazwa"),IF('Wątki'!$B39=$A$3,INDIRECT("PostaćNazwa"))))} -> SS PL | AY1: {=IF('Wątki'!$B40=$A$1,INDIRECT("KlasaNazwa"),IF('Wątki'!$B40=$A$2,INDIRECT("GrupaNazwa"),IF('Wątki'!$B40=$A$3,INDIRECT("PostaćNazwa"))))} -> Bezi | AZ1: {=IF('Wątki'!$B41=$A$1,INDIRECT("KlasaNazwa"),IF('Wątki'!$B41=$A$2,INDIRECT("GrupaNazwa"),IF('Wątki'!$B41=$A$3,INDIRECT("PostaćNazwa"))))} -> Bezi | BA1: {=IF('Wątki'!$B42=$A$1,INDIRECT("KlasaNazwa"),IF('Wątki'!$B42=$A$2,INDIRECT("GrupaNazwa"),IF('Wątki'!$B42=$A$3,INDIRECT("PostaćNazwa"))))} -> Bezi | BB1: {=IF('Wątki'!$B43=$A$1,INDIRECT("KlasaNazwa"),IF('Wątki'!$B43=$A$2,INDIRECT("GrupaNazwa"),IF('Wątki'!$B43=$A$3,INDIRECT("PostaćNazwa"))))} -> Bezi | BC1: {=IF('Wątki'!$B44=$A$1,INDIRECT("KlasaNazwa"),IF('Wątki'!$B44=$A$2,INDIRECT("GrupaNazwa"),IF('Wątki'!$B44=$A$3,INDIRECT("PostaćNazwa"))))} -> SS PL | BD1: {=IF('Wątki'!$B45=$A$1,INDIRECT("KlasaNazwa"),IF('Wątki'!$B45=$A$2,INDIRECT("GrupaNazwa"),IF('Wątki'!$B45=$A$3,INDIRECT("PostaćNazwa"))))} -> FALSE | BE1: {=IF('Wątki'!$B46=$A$1,INDIRECT("KlasaNazwa"),IF('Wątki'!$B46=$A$2,INDIRECT("GrupaNazwa"),IF('Wątki'!$B46=$A$3,INDIRECT("PostaćNazwa"))))} -> FALSE | BF1: {=IF('Wątki'!$B47=$A$1,INDIRECT("KlasaNazwa"),IF('Wątki'!$B47=$A$2,INDIRECT("GrupaNazwa"),IF('Wątki'!$B47=$A$3,INDIRECT("PostaćNazwa"))))} -> FALSE | BG1: {=IF('Wątki'!$B48=$A$1,INDIRECT("KlasaNazwa"),IF('Wątki'!$B48=$A$2,INDIRECT("GrupaNazwa"),IF('Wątki'!$B48=$A$3,INDIRECT("PostaćNazwa"))))} -> FALSE | BH1: {=IF('Wątki'!$B49=$A$1,INDIRECT("KlasaNazwa"),IF('Wątki'!$B49=$A$2,INDIRECT("GrupaNazwa"),IF('Wątki'!$B49=$A$3,INDIRECT("PostaćNazwa"))))} -> FALSE | BI1: {=IF('Wątki'!$B50=$A$1,INDIRECT("KlasaNazwa"),IF('Wątki'!$B50=$A$2,INDIRECT("GrupaNazwa"),IF('Wątki'!$B50=$A$3,INDIRECT("PostaćNazwa"))))} -> FALSE | BJ1: {=IF('Wątki'!$B51=$A$1,INDIRECT("KlasaNazwa"),IF('Wątki'!$B51=$A$2,INDIRECT("GrupaNazwa"),IF('Wątki'!$B51=$A$3,INDIRECT("PostaćNazwa"))))} -> FALSE | BK1: {=IF('Wątki'!$B52=$A$1,INDIRECT("KlasaNazwa"),IF('Wątki'!$B52=$A$2,INDIRECT("GrupaNazwa"),IF('Wątki'!$B52=$A$3,INDIRECT("PostaćNazwa"))))} -> FALSE | BL1: {=IF('Wątki'!$B53=$A$1,INDIRECT("KlasaNazwa"),IF('Wątki'!$B53=$A$2,INDIRECT("GrupaNazwa"),IF('Wątki'!$B53=$A$3,INDIRECT("PostaćNazwa"))))} -> FALSE | BM1: {=IF('Wątki'!$B54=$A$1,INDIRECT("KlasaNazwa"),IF('Wątki'!$B54=$A$2,INDIRECT("GrupaNazwa"),IF('Wątki'!$B54=$A$3,INDIRECT("PostaćNazwa"))))} -> FALSE | BN1: {=IF('Wątki'!$B55=$A$1,INDIRECT("KlasaNazwa"),IF('Wątki'!$B55=$A$2,INDIRECT("GrupaNazwa"),IF('Wątki'!$B55=$A$3,INDIRECT("PostaćNazwa"))))} -> FALSE | BO1: {=IF('Wątki'!$B56=$A$1,INDIRECT("KlasaNazwa"),IF('Wątki'!$B56=$A$2,INDIRECT("GrupaNazwa"),IF('Wątki'!$B56=$A$3,INDIRECT("PostaćNazwa"))))} -> FALSE | BP1: {=IF('Wątki'!$B57=$A$1,INDIRECT("KlasaNazwa"),IF('Wątki'!$B57=$A$2,INDIRECT("GrupaNazwa"),IF('Wątki'!$B57=$A$3,INDIRECT("PostaćNazwa"))))} -> FALSE | BQ1: {=IF('Wątki'!$B58=$A$1,INDIRECT("KlasaNazwa"),IF('Wątki'!$B58=$A$2,INDIRECT("GrupaNazwa"),IF('Wątki'!$B58=$A$3,INDIRECT("PostaćNazwa"))))} -> FALSE | BR1: {=IF('Wątki'!$B59=$A$1,INDIRECT("KlasaNazwa"),IF('Wątki'!$B59=$A$2,INDIRECT("GrupaNazwa"),IF('Wątki'!$B59=$A$3,INDIRECT("PostaćNazwa"))))} -> FALSE | BS1: {=IF('Wątki'!$B60=$A$1,INDIRECT("KlasaNazwa"),IF('Wątki'!$B60=$A$2,INDIRECT("GrupaNazwa"),IF('Wątki'!$B60=$A$3,INDIRECT("PostaćNazwa"))))} -> FALSE | BT1: {=IF('Wątki'!$B61=$A$1,INDIRECT("KlasaNazwa"),IF('Wątki'!$B61=$A$2,INDIRECT("GrupaNazwa"),IF('Wątki'!$B61=$A$3,INDIRECT("PostaćNazwa"))))} -> FALSE | BU1: {=IF('Wątki'!$B62=$A$1,INDIRECT("KlasaNazwa"),IF('Wątki'!$B62=$A$2,INDIRECT("GrupaNazwa"),IF('Wątki'!$B62=$A$3,INDIRECT("PostaćNazwa"))))} -> FALSE | BV1: {=IF('Wątki'!$B63=$A$1,INDIRECT("KlasaNazwa"),IF('Wątki'!$B63=$A$2,INDIRECT("GrupaNazwa"),IF('Wątki'!$B63=$A$3,INDIRECT("PostaćNazwa"))))} -> FALSE | BW1: {=IF('Wątki'!$B64=$A$1,INDIRECT("KlasaNazwa"),IF('Wątki'!$B64=$A$2,INDIRECT("GrupaNazwa"),IF('Wątki'!$B64=$A$3,INDIRECT("PostaćNazwa"))))} -> FALSE | BX1: {=IF('Wątki'!$B65=$A$1,INDIRECT("KlasaNazwa"),IF('Wątki'!$B65=$A$2,INDIRECT("GrupaNazwa"),IF('Wątki'!$B65=$A$3,INDIRECT("PostaćNazwa"))))} -> FALSE | BY1: {=IF('Wątki'!$B66=$A$1,INDIRECT("KlasaNazwa"),IF('Wątki'!$B66=$A$2,INDIRECT("GrupaNazwa"),IF('Wątki'!$B66=$A$3,INDIRECT("PostaćNazwa"))))} -> FALSE | BZ1: {=IF('Wątki'!$B67=$A$1,INDIRECT("KlasaNazwa"),IF('Wątki'!$B67=$A$2,INDIRECT("GrupaNazwa"),IF('Wątki'!$B67=$A$3,INDIRECT("PostaćNazwa"))))} -> FALSE | CA1: {=IF('Wątki'!$B68=$A$1,INDIRECT("KlasaNazwa"),IF('Wątki'!$B68=$A$2,INDIRECT("GrupaNazwa"),IF('Wątki'!$B68=$A$3,INDIRECT("PostaćNazwa"))))} -> FALSE | CB1: {=IF('Wątki'!$B69=$A$1,INDIRECT("KlasaNazwa"),IF('Wątki'!$B69=$A$2,INDIRECT("GrupaNazwa"),IF('Wątki'!$B69=$A$3,INDIRECT("PostaćNazwa"))))} -> FALSE | CC1: {=IF('Wątki'!$B70=$A$1,INDIRECT("KlasaNazwa"),IF('Wątki'!$B70=$A$2,INDIRECT("GrupaNazwa"),IF('Wątki'!$B70=$A$3,INDIRECT("PostaćNazwa"))))} -> FALSE | CD1: {=IF('Wątki'!$B71=$A$1,INDIRECT("KlasaNazwa"),IF('Wątki'!$B71=$A$2,INDIRECT("GrupaNazwa"),IF('Wątki'!$B71=$A$3,INDIRECT("PostaćNazwa"))))} -> FALSE | CE1: {=IF('Wątki'!$B72=$A$1,INDIRECT("KlasaNazwa"),IF('Wątki'!$B72=$A$2,INDIRECT("GrupaNazwa"),IF('Wątki'!$B72=$A$3,INDIRECT("PostaćNazwa"))))} -> FALSE | CF1: {=IF('Wątki'!$B73=$A$1,INDIRECT("KlasaNazwa"),IF('Wątki'!$B73=$A$2,INDIRECT("GrupaNazwa"),IF('Wątki'!$B73=$A$3,INDIRECT("PostaćNazwa"))))} -> FALSE | CG1: {=IF('Wątki'!$B74=$A$1,INDIRECT("KlasaNazwa"),IF('Wątki'!$B74=$A$2,INDIRECT("GrupaNazwa"),IF('Wątki'!$B74=$A$3,INDIRECT("PostaćNazwa"))))} -> FALSE | CH1: {=IF('Wątki'!$B75=$A$1,INDIRECT("KlasaNazwa"),IF('Wątki'!$B75=$A$2,INDIRECT("GrupaNazwa"),IF('Wątki'!$B75=$A$3,INDIRECT("PostaćNazwa"))))} -> FALSE | CI1: {=IF('Wątki'!$B76=$A$1,INDIRECT("KlasaNazwa"),IF('Wątki'!$B76=$A$2,INDIRECT("GrupaNazwa"),IF('Wątki'!$B76=$A$3,INDIRECT("PostaćNazwa"))))} -> FALSE | CJ1: {=IF('Wątki'!$B77=$A$1,INDIRECT("KlasaNazwa"),IF('Wątki'!$B77=$A$2,INDIRECT("GrupaNazwa"),IF('Wątki'!$B77=$A$3,INDIRECT("PostaćNazwa"))))} -> FALSE | CK1: {=IF('Wątki'!$B78=$A$1,INDIRECT("KlasaNazwa"),IF('Wątki'!$B78=$A$2,INDIRECT("GrupaNazwa"),IF('Wątki'!$B78=$A$3,INDIRECT("PostaćNazwa"))))} -> FALSE | CL1: {=IF('Wątki'!$B79=$A$1,INDIRECT("KlasaNazwa"),IF('Wątki'!$B79=$A$2,INDIRECT("GrupaNazwa"),IF('Wątki'!$B79=$A$3,INDIRECT("PostaćNazwa"))))} -> FALSE | CM1: {=IF('Wątki'!$B80=$A$1,INDIRECT("KlasaNazwa"),IF('Wątki'!$B80=$A$2,INDIRECT("GrupaNazwa"),IF('Wątki'!$B80=$A$3,INDIRECT("PostaćNazwa"))))} -> FALSE | CN1: {=IF('Wątki'!$B81=$A$1,INDIRECT("KlasaNazwa"),IF('Wątki'!$B81=$A$2,INDIRECT("GrupaNazwa"),IF('Wątki'!$B81=$A$3,INDIRECT("PostaćNazwa"))))} -> FALSE | CO1: {=IF('Wątki'!$B82=$A$1,INDIRECT("KlasaNazwa"),IF('Wątki'!$B82=$A$2,INDIRECT("GrupaNazwa"),IF('Wątki'!$B82=$A$3,INDIRECT("PostaćNazwa"))))} -> FALSE | CP1: {=IF('Wątki'!$B83=$A$1,INDIRECT("KlasaNazwa"),IF('Wątki'!$B83=$A$2,INDIRECT("GrupaNazwa"),IF('Wątki'!$B83=$A$3,INDIRECT("PostaćNazwa"))))} -> FALSE | CQ1: {=IF('Wątki'!$B84=$A$1,INDIRECT("KlasaNazwa"),IF('Wątki'!$B84=$A$2,INDIRECT("GrupaNazwa"),IF('Wątki'!$B84=$A$3,INDIRECT("PostaćNazwa"))))} -> FALSE | CR1: {=IF('Wątki'!$B85=$A$1,INDIRECT("KlasaNazwa"),IF('Wątki'!$B85=$A$2,INDIRECT("GrupaNazwa"),IF('Wątki'!$B85=$A$3,INDIRECT("PostaćNazwa"))))} -> FALSE | CS1: {=IF('Wątki'!$B86=$A$1,INDIRECT("KlasaNazwa"),IF('Wątki'!$B86=$A$2,INDIRECT("GrupaNazwa"),IF('Wątki'!$B86=$A$3,INDIRECT("PostaćNazwa"))))} -> FALSE | CT1: {=IF('Wątki'!$B87=$A$1,INDIRECT("KlasaNazwa"),IF('Wątki'!$B87=$A$2,INDIRECT("GrupaNazwa"),IF('Wątki'!$B87=$A$3,INDIRECT("PostaćNazwa"))))} -> FALSE | CU1: {=IF('Wątki'!$B88=$A$1,INDIRECT("KlasaNazwa"),IF('Wątki'!$B88=$A$2,INDIRECT("GrupaNazwa"),IF('Wątki'!$B88=$A$3,INDIRECT("PostaćNazwa"))))} -> FALSE | CV1: {=IF('Wątki'!$B89=$A$1,INDIRECT("KlasaNazwa"),IF('Wątki'!$B89=$A$2,INDIRECT("GrupaNazwa"),IF('Wątki'!$B89=$A$3,INDIRECT("PostaćNazwa"))))} -> FALSE | CW1: {=IF('Wątki'!$B90=$A$1,INDIRECT("KlasaNazwa"),IF('Wątki'!$B90=$A$2,INDIRECT("GrupaNazwa"),IF('Wątki'!$B90=$A$3,INDIRECT("PostaćNazwa"))))} -> FALSE | CX1: {=IF('Wątki'!$B91=$A$1,INDIRECT("KlasaNazwa"),IF('Wątki'!$B91=$A$2,INDIRECT("GrupaNazwa"),IF('Wątki'!$B91=$A$3,INDIRECT("PostaćNazwa"))))} -> FALSE | CY1: {=IF('Wątki'!$B92=$A$1,INDIRECT("KlasaNazwa"),IF('Wątki'!$B92=$A$2,INDIRECT("GrupaNazwa"),IF('Wątki'!$B92=$A$3,INDIRECT("PostaćNazwa"))))} -> FALSE | CZ1: {=IF('Wątki'!$B93=$A$1,INDIRECT("KlasaNazwa"),IF('Wątki'!$B93=$A$2,INDIRECT("GrupaNazwa"),IF('Wątki'!$B93=$A$3,INDIRECT("PostaćNazwa"))))} -> FALSE | DA1: {=IF('Wątki'!$B94=$A$1,INDIRECT("KlasaNazwa"),IF('Wątki'!$B94=$A$2,INDIRECT("GrupaNazwa"),IF('Wątki'!$B94=$A$3,INDIRECT("PostaćNazwa"))))} -> FALSE | DB1: {=IF('Wątki'!$B95=$A$1,INDIRECT("KlasaNazwa"),IF('Wątki'!$B95=$A$2,INDIRECT("GrupaNazwa"),IF('Wątki'!$B95=$A$3,INDIRECT("PostaćNazwa"))))} -> FALSE | DC1: {=IF('Wątki'!$B96=$A$1,INDIRECT("KlasaNazwa"),IF('Wątki'!$B96=$A$2,INDIRECT("GrupaNazwa"),IF('Wątki'!$B96=$A$3,INDIRECT("PostaćNazwa"))))} -> FALSE | DD1: {=IF('Wątki'!$B97=$A$1,INDIRECT("KlasaNazwa"),IF('Wątki'!$B97=$A$2,INDIRECT("GrupaNazwa"),IF('Wątki'!$B97=$A$3,INDIRECT("PostaćNazwa"))))} -> FALSE | DE1: {=IF('Wątki'!$B98=$A$1,INDIRECT("KlasaNazwa"),IF('Wątki'!$B98=$A$2,INDIRECT("GrupaNazwa"),IF('Wątki'!$B98=$A$3,INDIRECT("PostaćNazwa"))))} -> FALSE | DF1: {=IF('Wątki'!$B99=$A$1,INDIRECT("KlasaNazwa"),IF('Wątki'!$B99=$A$2,INDIRECT("GrupaNazwa"),IF('Wątki'!$B99=$A$3,INDIRECT("PostaćNazwa"))))} -> FALSE | DG1: {=IF('Wątki'!$B100=$A$1,INDIRECT("KlasaNazwa"),IF('Wątki'!$B100=$A$2,INDIRECT("GrupaNazwa"),IF('Wątki'!$B100=$A$3,INDIRECT("PostaćNazwa"))))} -> FALSE | DH1: {=IF('Wątki'!$B101=$A$1,INDIRECT("KlasaNazwa"),IF('Wątki'!$B101=$A$2,INDIRECT("GrupaNazwa"),IF('Wątki'!$B101=$A$3,INDIRECT("PostaćNazwa"))))} -> FALSE | DI1: {=IF('Wątki'!$B102=$A$1,INDIRECT("KlasaNazwa"),IF('Wątki'!$B102=$A$2,INDIRECT("GrupaNazwa"),IF('Wątki'!$B102=$A$3,INDIRECT("PostaćNazwa"))))} -> FALSE | DJ1: {=IF('Wątki'!$B103=$A$1,INDIRECT("KlasaNazwa"),IF('Wątki'!$B103=$A$2,INDIRECT("GrupaNazwa"),IF('Wątki'!$B103=$A$3,INDIRECT("PostaćNazwa"))))} -> FALSE | DK1: {=IF('Wątki'!$B104=$A$1,INDIRECT("KlasaNazwa"),IF('Wątki'!$B104=$A$2,INDIRECT("GrupaNazwa"),IF('Wątki'!$B104=$A$3,INDIRECT("PostaćNazwa"))))} -> FALSE | DL1: {=IF('Wątki'!$B105=$A$1,INDIRECT("KlasaNazwa"),IF('Wątki'!$B105=$A$2,INDIRECT("GrupaNazwa"),IF('Wątki'!$B105=$A$3,INDIRECT("PostaćNazwa"))))} -> FALSE | DM1: {=IF('Wątki'!$B106=$A$1,INDIRECT("KlasaNazwa"),IF('Wątki'!$B106=$A$2,INDIRECT("GrupaNazwa"),IF('Wątki'!$B106=$A$3,INDIRECT("PostaćNazwa"))))} -> FALSE | DN1: {=IF('Wątki'!$B107=$A$1,INDIRECT("KlasaNazwa"),IF('Wątki'!$B107=$A$2,INDIRECT("GrupaNazwa"),IF('Wątki'!$B107=$A$3,INDIRECT("PostaćNazwa"))))} -> FALSE | DO1: {=IF('Wątki'!$B108=$A$1,INDIRECT("KlasaNazwa"),IF('Wątki'!$B108=$A$2,INDIRECT("GrupaNazwa"),IF('Wątki'!$B108=$A$3,INDIRECT("PostaćNazwa"))))} -> FALSE | DP1: {=IF('Wątki'!$B109=$A$1,INDIRECT("KlasaNazwa"),IF('Wątki'!$B109=$A$2,INDIRECT("GrupaNazwa"),IF('Wątki'!$B109=$A$3,INDIRECT("PostaćNazwa"))))} -> FALSE | DQ1: {=IF('Wątki'!$B110=$A$1,INDIRECT("KlasaNazwa"),IF('Wątki'!$B110=$A$2,INDIRECT("GrupaNazwa"),IF('Wątki'!$B110=$A$3,INDIRECT("PostaćNazwa"))))} -> FALSE | DR1: {=IF('Wątki'!$B111=$A$1,INDIRECT("KlasaNazwa"),IF('Wątki'!$B111=$A$2,INDIRECT("GrupaNazwa"),IF('Wątki'!$B111=$A$3,INDIRECT("PostaćNazwa"))))} -> FALSE | DS1: {=IF('Wątki'!$B112=$A$1,INDIRECT("KlasaNazwa"),IF('Wątki'!$B112=$A$2,INDIRECT("GrupaNazwa"),IF('Wątki'!$B112=$A$3,INDIRECT("PostaćNazwa"))))} -> FALSE | DT1: {=IF('Wątki'!$B113=$A$1,INDIRECT("KlasaNazwa"),IF('Wątki'!$B113=$A$2,INDIRECT("GrupaNazwa"),IF('Wątki'!$B113=$A$3,INDIRECT("PostaćNazwa"))))} -> FALSE | DU1: {=IF('Wątki'!$B114=$A$1,INDIRECT("KlasaNazwa"),IF('Wątki'!$B114=$A$2,INDIRECT("GrupaNazwa"),IF('Wątki'!$B114=$A$3,INDIRECT("PostaćNazwa"))))} -> FALSE | DV1: {=IF('Wątki'!$B115=$A$1,INDIRECT("KlasaNazwa"),IF('Wątki'!$B115=$A$2,INDIRECT("GrupaNazwa"),IF('Wątki'!$B115=$A$3,INDIRECT("PostaćNazwa"))))} -> FALSE | DW1: {=IF('Wątki'!$B116=$A$1,INDIRECT("KlasaNazwa"),IF('Wątki'!$B116=$A$2,INDIRECT("GrupaNazwa"),IF('Wątki'!$B116=$A$3,INDIRECT("PostaćNazwa"))))} -> FALSE | DX1: {=IF('Wątki'!$B117=$A$1,INDIRECT("KlasaNazwa"),IF('Wątki'!$B117=$A$2,INDIRECT("GrupaNazwa"),IF('Wątki'!$B117=$A$3,INDIRECT("PostaćNazwa"))))} -> FALSE | DY1: {=IF('Wątki'!$B118=$A$1,INDIRECT("KlasaNazwa"),IF('Wątki'!$B118=$A$2,INDIRECT("GrupaNazwa"),IF('Wątki'!$B118=$A$3,INDIRECT("PostaćNazwa"))))} -> FALSE | DZ1: {=IF('Wątki'!$B119=$A$1,INDIRECT("KlasaNazwa"),IF('Wątki'!$B119=$A$2,INDIRECT("GrupaNazwa"),IF('Wątki'!$B119=$A$3,INDIRECT("PostaćNazwa"))))} -> FALSE | EA1: {=IF('Wątki'!$B120=$A$1,INDIRECT("KlasaNazwa"),IF('Wątki'!$B120=$A$2,INDIRECT("GrupaNazwa"),IF('Wątki'!$B120=$A$3,INDIRECT("PostaćNazwa"))))} -> FALSE | EB1: {=IF('Wątki'!$B121=$A$1,INDIRECT("KlasaNazwa"),IF('Wątki'!$B121=$A$2,INDIRECT("GrupaNazwa"),IF('Wątki'!$B121=$A$3,INDIRECT("PostaćNazwa"))))} -> FALSE | EC1: {=IF('Wątki'!$B122=$A$1,INDIRECT("KlasaNazwa"),IF('Wątki'!$B122=$A$2,INDIRECT("GrupaNazwa"),IF('Wątki'!$B122=$A$3,INDIRECT("PostaćNazwa"))))} -> FALSE | ED1: {=IF('Wątki'!$B123=$A$1,INDIRECT("KlasaNazwa"),IF('Wątki'!$B123=$A$2,INDIRECT("GrupaNazwa"),IF('Wątki'!$B123=$A$3,INDIRECT("PostaćNazwa"))))} -> FALSE | EE1: {=IF('Wątki'!$B124=$A$1,INDIRECT("KlasaNazwa"),IF('Wątki'!$B124=$A$2,INDIRECT("GrupaNazwa"),IF('Wątki'!$B124=$A$3,INDIRECT("PostaćNazwa"))))} -> FALSE | EF1: {=IF('Wątki'!$B125=$A$1,INDIRECT("KlasaNazwa"),IF('Wątki'!$B125=$A$2,INDIRECT("GrupaNazwa"),IF('Wątki'!$B125=$A$3,INDIRECT("PostaćNazwa"))))} -> FALSE | EG1: {=IF('Wątki'!$B126=$A$1,INDIRECT("KlasaNazwa"),IF('Wątki'!$B126=$A$2,INDIRECT("GrupaNazwa"),IF('Wątki'!$B126=$A$3,INDIRECT("PostaćNazwa"))))} -> FALSE | EH1: {=IF('Wątki'!$B127=$A$1,INDIRECT("KlasaNazwa"),IF('Wątki'!$B127=$A$2,INDIRECT("GrupaNazwa"),IF('Wątki'!$B127=$A$3,INDIRECT("PostaćNazwa"))))} -> FALSE | EI1: {=IF('Wątki'!$B128=$A$1,INDIRECT("KlasaNazwa"),IF('Wątki'!$B128=$A$2,INDIRECT("GrupaNazwa"),IF('Wątki'!$B128=$A$3,INDIRECT("PostaćNazwa"))))} -> FALSE | EJ1: {=IF('Wątki'!$B129=$A$1,INDIRECT("KlasaNazwa"),IF('Wątki'!$B129=$A$2,INDIRECT("GrupaNazwa"),IF('Wątki'!$B129=$A$3,INDIRECT("PostaćNazwa"))))} -> FALSE | EK1: {=IF('Wątki'!$B130=$A$1,INDIRECT("KlasaNazwa"),IF('Wątki'!$B130=$A$2,INDIRECT("GrupaNazwa"),IF('Wątki'!$B130=$A$3,INDIRECT("PostaćNazwa"))))} -> FALSE | EL1: {=IF('Wątki'!$B131=$A$1,INDIRECT("KlasaNazwa"),IF('Wątki'!$B131=$A$2,INDIRECT("GrupaNazwa"),IF('Wątki'!$B131=$A$3,INDIRECT("PostaćNazwa"))))} -> FALSE | EM1: {=IF('Wątki'!$B132=$A$1,INDIRECT("KlasaNazwa"),IF('Wątki'!$B132=$A$2,INDIRECT("GrupaNazwa"),IF('Wątki'!$B132=$A$3,INDIRECT("PostaćNazwa"))))} -> FALSE | EN1: {=IF('Wątki'!$B133=$A$1,INDIRECT("KlasaNazwa"),IF('Wątki'!$B133=$A$2,INDIRECT("GrupaNazwa"),IF('Wątki'!$B133=$A$3,INDIRECT("PostaćNazwa"))))} -> FALSE | EO1: {=IF('Wątki'!$B134=$A$1,INDIRECT("KlasaNazwa"),IF('Wątki'!$B134=$A$2,INDIRECT("GrupaNazwa"),IF('Wątki'!$B134=$A$3,INDIRECT("PostaćNazwa"))))} -> FALSE | EP1: {=IF('Wątki'!$B135=$A$1,INDIRECT("KlasaNazwa"),IF('Wątki'!$B135=$A$2,INDIRECT("GrupaNazwa"),IF('Wątki'!$B135=$A$3,INDIRECT("PostaćNazwa"))))} -> FALSE | EQ1: {=IF('Wątki'!$B136=$A$1,INDIRECT("KlasaNazwa"),IF('Wątki'!$B136=$A$2,INDIRECT("GrupaNazwa"),IF('Wątki'!$B136=$A$3,INDIRECT("PostaćNazwa"))))} -> FALSE | ER1: {=IF('Wątki'!$B137=$A$1,INDIRECT("KlasaNazwa"),IF('Wątki'!$B137=$A$2,INDIRECT("GrupaNazwa"),IF('Wątki'!$B137=$A$3,INDIRECT("PostaćNazwa"))))} -> FALSE | ES1: {=IF('Wątki'!$B138=$A$1,INDIRECT("KlasaNazwa"),IF('Wątki'!$B138=$A$2,INDIRECT("GrupaNazwa"),IF('Wątki'!$B138=$A$3,INDIRECT("PostaćNazwa"))))} -> FALSE | ET1: {=IF('Wątki'!$B139=$A$1,INDIRECT("KlasaNazwa"),IF('Wątki'!$B139=$A$2,INDIRECT("GrupaNazwa"),IF('Wątki'!$B139=$A$3,INDIRECT("PostaćNazwa"))))} -> FALSE | EU1: {=IF('Wątki'!$B140=$A$1,INDIRECT("KlasaNazwa"),IF('Wątki'!$B140=$A$2,INDIRECT("GrupaNazwa"),IF('Wątki'!$B140=$A$3,INDIRECT("PostaćNazwa"))))} -> FALSE | EV1: {=IF('Wątki'!$B141=$A$1,INDIRECT("KlasaNazwa"),IF('Wątki'!$B141=$A$2,INDIRECT("GrupaNazwa"),IF('Wątki'!$B141=$A$3,INDIRECT("PostaćNazwa"))))} -> FALSE | EW1: {=IF('Wątki'!$B142=$A$1,INDIRECT("KlasaNazwa"),IF('Wątki'!$B142=$A$2,INDIRECT("GrupaNazwa"),IF('Wątki'!$B142=$A$3,INDIRECT("PostaćNazwa"))))} -> FALSE | EX1: {=IF('Wątki'!$B143=$A$1,INDIRECT("KlasaNazwa"),IF('Wątki'!$B143=$A$2,INDIRECT("GrupaNazwa"),IF('Wątki'!$B143=$A$3,INDIRECT("PostaćNazwa"))))} -> FALSE | EY1: {=IF('Wątki'!$B144=$A$1,INDIRECT("KlasaNazwa"),IF('Wątki'!$B144=$A$2,INDIRECT("GrupaNazwa"),IF('Wątki'!$B144=$A$3,INDIRECT("PostaćNazwa"))))} -> FALSE | EZ1: {=IF('Wątki'!$B145=$A$1,INDIRECT("KlasaNazwa"),IF('Wątki'!$B145=$A$2,INDIRECT("GrupaNazwa"),IF('Wątki'!$B145=$A$3,INDIRECT("PostaćNazwa"))))} -> FALSE | FA1: {=IF('Wątki'!$B146=$A$1,INDIRECT("KlasaNazwa"),IF('Wątki'!$B146=$A$2,INDIRECT("GrupaNazwa"),IF('Wątki'!$B146=$A$3,INDIRECT("PostaćNazwa"))))} -> FALSE | FB1: {=IF('Wątki'!$B147=$A$1,INDIRECT("KlasaNazwa"),IF('Wątki'!$B147=$A$2,INDIRECT("GrupaNazwa"),IF('Wątki'!$B147=$A$3,INDIRECT("PostaćNazwa"))))} -> FALSE | FC1: {=IF('Wątki'!$B148=$A$1,INDIRECT("KlasaNazwa"),IF('Wątki'!$B148=$A$2,INDIRECT("GrupaNazwa"),IF('Wątki'!$B148=$A$3,INDIRECT("PostaćNazwa"))))} -> FALSE | FD1: {=IF('Wątki'!$B149=$A$1,INDIRECT("KlasaNazwa"),IF('Wątki'!$B149=$A$2,INDIRECT("GrupaNazwa"),IF('Wątki'!$B149=$A$3,INDIRECT("PostaćNazwa"))))} -> FALSE | FE1: {=IF('Wątki'!$B150=$A$1,INDIRECT("KlasaNazwa"),IF('Wątki'!$B150=$A$2,INDIRECT("GrupaNazwa"),IF('Wątki'!$B150=$A$3,INDIRECT("PostaćNazwa"))))} -> FALSE | FF1: {=IF('Wątki'!$B151=$A$1,INDIRECT("KlasaNazwa"),IF('Wątki'!$B151=$A$2,INDIRECT("GrupaNazwa"),IF('Wątki'!$B151=$A$3,INDIRECT("PostaćNazwa"))))} -> FALSE | FG1: {=IF('Wątki'!$B152=$A$1,INDIRECT("KlasaNazwa"),IF('Wątki'!$B152=$A$2,INDIRECT("GrupaNazwa"),IF('Wątki'!$B152=$A$3,INDIRECT("PostaćNazwa"))))} -> FALSE | FH1: {=IF('Wątki'!$B153=$A$1,INDIRECT("KlasaNazwa"),IF('Wątki'!$B153=$A$2,INDIRECT("GrupaNazwa"),IF('Wątki'!$B153=$A$3,INDIRECT("PostaćNazwa"))))} -> FALSE | FI1: {=IF('Wątki'!$B154=$A$1,INDIRECT("KlasaNazwa"),IF('Wątki'!$B154=$A$2,INDIRECT("GrupaNazwa"),IF('Wątki'!$B154=$A$3,INDIRECT("PostaćNazwa"))))} -> FALSE | FJ1: {=IF('Wątki'!$B155=$A$1,INDIRECT("KlasaNazwa"),IF('Wątki'!$B155=$A$2,INDIRECT("GrupaNazwa"),IF('Wątki'!$B155=$A$3,INDIRECT("PostaćNazwa"))))} -> FALSE | FK1: {=IF('Wątki'!$B156=$A$1,INDIRECT("KlasaNazwa"),IF('Wątki'!$B156=$A$2,INDIRECT("GrupaNazwa"),IF('Wątki'!$B156=$A$3,INDIRECT("PostaćNazwa"))))} -> FALSE | FL1: {=IF('Wątki'!$B157=$A$1,INDIRECT("KlasaNazwa"),IF('Wątki'!$B157=$A$2,INDIRECT("GrupaNazwa"),IF('Wątki'!$B157=$A$3,INDIRECT("PostaćNazwa"))))} -> FALSE | FM1: {=IF('Wątki'!$B158=$A$1,INDIRECT("KlasaNazwa"),IF('Wątki'!$B158=$A$2,INDIRECT("GrupaNazwa"),IF('Wątki'!$B158=$A$3,INDIRECT("PostaćNazwa"))))} -> FALSE | FN1: {=IF('Wątki'!$B159=$A$1,INDIRECT("KlasaNazwa"),IF('Wątki'!$B159=$A$2,INDIRECT("GrupaNazwa"),IF('Wątki'!$B159=$A$3,INDIRECT("PostaćNazwa"))))} -> FALSE | FO1: {=IF('Wątki'!$B160=$A$1,INDIRECT("KlasaNazwa"),IF('Wątki'!$B160=$A$2,INDIRECT("GrupaNazwa"),IF('Wątki'!$B160=$A$3,INDIRECT("PostaćNazwa"))))} -> FALSE | FP1: {=IF('Wątki'!$B161=$A$1,INDIRECT("KlasaNazwa"),IF('Wątki'!$B161=$A$2,INDIRECT("GrupaNazwa"),IF('Wątki'!$B161=$A$3,INDIRECT("PostaćNazwa"))))} -> FALSE | FQ1: {=IF('Wątki'!$B162=$A$1,INDIRECT("KlasaNazwa"),IF('Wątki'!$B162=$A$2,INDIRECT("GrupaNazwa"),IF('Wątki'!$B162=$A$3,INDIRECT("PostaćNazwa"))))} -> FALSE | FR1: {=IF('Wątki'!$B163=$A$1,INDIRECT("KlasaNazwa"),IF('Wątki'!$B163=$A$2,INDIRECT("GrupaNazwa"),IF('Wątki'!$B163=$A$3,INDIRECT("PostaćNazwa"))))} -> FALSE | FS1: {=IF('Wątki'!$B164=$A$1,INDIRECT("KlasaNazwa"),IF('Wątki'!$B164=$A$2,INDIRECT("GrupaNazwa"),IF('Wątki'!$B164=$A$3,INDIRECT("PostaćNazwa"))))} -> FALSE | FT1: {=IF('Wątki'!$B165=$A$1,INDIRECT("KlasaNazwa"),IF('Wątki'!$B165=$A$2,INDIRECT("GrupaNazwa"),IF('Wątki'!$B165=$A$3,INDIRECT("PostaćNazwa"))))} -> FALSE | FU1: {=IF('Wątki'!$B166=$A$1,INDIRECT("KlasaNazwa"),IF('Wątki'!$B166=$A$2,INDIRECT("GrupaNazwa"),IF('Wątki'!$B166=$A$3,INDIRECT("PostaćNazwa"))))} -> FALSE | FV1: {=IF('Wątki'!$B167=$A$1,INDIRECT("KlasaNazwa"),IF('Wątki'!$B167=$A$2,INDIRECT("GrupaNazwa"),IF('Wątki'!$B167=$A$3,INDIRECT("PostaćNazwa"))))} -> FALSE | FW1: {=IF('Wątki'!$B168=$A$1,INDIRECT("KlasaNazwa"),IF('Wątki'!$B168=$A$2,INDIRECT("GrupaNazwa"),IF('Wątki'!$B168=$A$3,INDIRECT("PostaćNazwa"))))} -> FALSE | FX1: {=IF('Wątki'!$B169=$A$1,INDIRECT("KlasaNazwa"),IF('Wątki'!$B169=$A$2,INDIRECT("GrupaNazwa"),IF('Wątki'!$B169=$A$3,INDIRECT("PostaćNazwa"))))} -> FALSE | FY1: {=IF('Wątki'!$B170=$A$1,INDIRECT("KlasaNazwa"),IF('Wątki'!$B170=$A$2,INDIRECT("GrupaNazwa"),IF('Wątki'!$B170=$A$3,INDIRECT("PostaćNazwa"))))} -> FALSE | FZ1: {=IF('Wątki'!$B171=$A$1,INDIRECT("KlasaNazwa"),IF('Wątki'!$B171=$A$2,INDIRECT("GrupaNazwa"),IF('Wątki'!$B171=$A$3,INDIRECT("PostaćNazwa"))))} -> FALSE | GA1: {=IF('Wątki'!$B172=$A$1,INDIRECT("KlasaNazwa"),IF('Wątki'!$B172=$A$2,INDIRECT("GrupaNazwa"),IF('Wątki'!$B172=$A$3,INDIRECT("PostaćNazwa"))))} -> FALSE | GB1: {=IF('Wątki'!$B173=$A$1,INDIRECT("KlasaNazwa"),IF('Wątki'!$B173=$A$2,INDIRECT("GrupaNazwa"),IF('Wątki'!$B173=$A$3,INDIRECT("PostaćNazwa"))))} -> FALSE | GC1: {=IF('Wątki'!$B174=$A$1,INDIRECT("KlasaNazwa"),IF('Wątki'!$B174=$A$2,INDIRECT("GrupaNazwa"),IF('Wątki'!$B174=$A$3,INDIRECT("PostaćNazwa"))))} -> FALSE | GD1: {=IF('Wątki'!$B175=$A$1,INDIRECT("KlasaNazwa"),IF('Wątki'!$B175=$A$2,INDIRECT("GrupaNazwa"),IF('Wątki'!$B175=$A$3,INDIRECT("PostaćNazwa"))))} -> FALSE | GE1: {=IF('Wątki'!$B176=$A$1,INDIRECT("KlasaNazwa"),IF('Wątki'!$B176=$A$2,INDIRECT("GrupaNazwa"),IF('Wątki'!$B176=$A$3,INDIRECT("PostaćNazwa"))))} -> FALSE | GF1: {=IF('Wątki'!$B177=$A$1,INDIRECT("KlasaNazwa"),IF('Wątki'!$B177=$A$2,INDIRECT("GrupaNazwa"),IF('Wątki'!$B177=$A$3,INDIRECT("PostaćNazwa"))))} -> FALSE | GG1: {=IF('Wątki'!$B178=$A$1,INDIRECT("KlasaNazwa"),IF('Wątki'!$B178=$A$2,INDIRECT("GrupaNazwa"),IF('Wątki'!$B178=$A$3,INDIRECT("PostaćNazwa"))))} -> FALSE | GH1: {=IF('Wątki'!$B179=$A$1,INDIRECT("KlasaNazwa"),IF('Wątki'!$B179=$A$2,INDIRECT("GrupaNazwa"),IF('Wątki'!$B179=$A$3,INDIRECT("PostaćNazwa"))))} -> FALSE | GI1: {=IF('Wątki'!$B180=$A$1,INDIRECT("KlasaNazwa"),IF('Wątki'!$B180=$A$2,INDIRECT("GrupaNazwa"),IF('Wątki'!$B180=$A$3,INDIRECT("PostaćNazwa"))))} -> FALSE | GJ1: {=IF('Wątki'!$B181=$A$1,INDIRECT("KlasaNazwa"),IF('Wątki'!$B181=$A$2,INDIRECT("GrupaNazwa"),IF('Wątki'!$B181=$A$3,INDIRECT("PostaćNazwa"))))} -> FALSE | GK1: {=IF('Wątki'!$B182=$A$1,INDIRECT("KlasaNazwa"),IF('Wątki'!$B182=$A$2,INDIRECT("GrupaNazwa"),IF('Wątki'!$B182=$A$3,INDIRECT("PostaćNazwa"))))} -> FALSE | GL1: {=IF('Wątki'!$B183=$A$1,INDIRECT("KlasaNazwa"),IF('Wątki'!$B183=$A$2,INDIRECT("GrupaNazwa"),IF('Wątki'!$B183=$A$3,INDIRECT("PostaćNazwa"))))} -> FALSE | GM1: {=IF('Wątki'!$B184=$A$1,INDIRECT("KlasaNazwa"),IF('Wątki'!$B184=$A$2,INDIRECT("GrupaNazwa"),IF('Wątki'!$B184=$A$3,INDIRECT("PostaćNazwa"))))} -> FALSE | GN1: {=IF('Wątki'!$B185=$A$1,INDIRECT("KlasaNazwa"),IF('Wątki'!$B185=$A$2,INDIRECT("GrupaNazwa"),IF('Wątki'!$B185=$A$3,INDIRECT("PostaćNazwa"))))} -> FALSE | GO1: {=IF('Wątki'!$B186=$A$1,INDIRECT("KlasaNazwa"),IF('Wątki'!$B186=$A$2,INDIRECT("GrupaNazwa"),IF('Wątki'!$B186=$A$3,INDIRECT("PostaćNazwa"))))} -> FALSE | GP1: {=IF('Wątki'!$B187=$A$1,INDIRECT("KlasaNazwa"),IF('Wątki'!$B187=$A$2,INDIRECT("GrupaNazwa"),IF('Wątki'!$B187=$A$3,INDIRECT("PostaćNazwa"))))} -> FALSE | GQ1: {=IF('Wątki'!$B188=$A$1,INDIRECT("KlasaNazwa"),IF('Wątki'!$B188=$A$2,INDIRECT("GrupaNazwa"),IF('Wątki'!$B188=$A$3,INDIRECT("PostaćNazwa"))))} -> FALSE | GR1: {=IF('Wątki'!$B189=$A$1,INDIRECT("KlasaNazwa"),IF('Wątki'!$B189=$A$2,INDIRECT("GrupaNazwa"),IF('Wątki'!$B189=$A$3,INDIRECT("PostaćNazwa"))))} -> FALSE | GS1: {=IF('Wątki'!$B190=$A$1,INDIRECT("KlasaNazwa"),IF('Wątki'!$B190=$A$2,INDIRECT("GrupaNazwa"),IF('Wątki'!$B190=$A$3,INDIRECT("PostaćNazwa"))))} -> FALSE | GT1: {=IF('Wątki'!$B191=$A$1,INDIRECT("KlasaNazwa"),IF('Wątki'!$B191=$A$2,INDIRECT("GrupaNazwa"),IF('Wątki'!$B191=$A$3,INDIRECT("PostaćNazwa"))))} -> FALSE | GU1: {=IF('Wątki'!$B192=$A$1,INDIRECT("KlasaNazwa"),IF('Wątki'!$B192=$A$2,INDIRECT("GrupaNazwa"),IF('Wątki'!$B192=$A$3,INDIRECT("PostaćNazwa"))))} -> FALSE | GV1: {=IF('Wątki'!$B193=$A$1,INDIRECT("KlasaNazwa"),IF('Wątki'!$B193=$A$2,INDIRECT("GrupaNazwa"),IF('Wątki'!$B193=$A$3,INDIRECT("PostaćNazwa"))))} -> FALSE
A2: Grupa | B2: Tak | C2: Nie | D2: {=IF('Wątki'!B2=$A$1,INDIRECT("Klasa"),IF('Wątki'!B2=$A$2,INDIRECT("Grupa"),IF('Wątki'!B2=$A$3,INDIRECT("Postać"),"Nie")))} -> Nie | G2: Gor Na Rex | I2: SS EN | J2: SS EN | K2: SS EN | L2: SS EN | M2: SS EN | N2: SS EN | O2: SS EN | P2: SS EN | Q2: SS EN | R2: SS EN | S2: SS EN | T2: Gor Na Rex | U2: Gor Na Rex | V2: Gor Na Rex | W2: Gor Na Rex | X2: SS EN | Y2: SS EN | Z2: Gor Na Rex | AA2: Gor Na Rex | AC2: Gor Na Rex | AD2: SS EN | AE2: Gor Na Rex | AG2: Gor Na Rex | AH2: Gor Na Rex | AK2: Gor Na Rex | AL2: Gor Na Rex | AM2: Gor Na Rex | AN2: SS EN | AO2: Gor Na Rex | AP2: Gor Na Rex | AQ2: Gor Na Rex | AR2: Gor Na Rex | AS2: Gor Na Rex | AT2: SS EN | AV2: SS EN | AW2: SS EN | AX2: SS EN | AY2: Gor Na Rex | AZ2: Gor Na Rex | BA2: Gor Na Rex | BB2: Gor Na Rex | BC2: SS EN
A3: Postać | B3: Nie | D3: {=IF(#REF!=$A$1,INDIRECT("Klasa"),IF(#REF!=$A$2,INDIRECT("Grupa"),IF(#REF!=$A$3,INDIRECT("Postać"),"Nie")))} -> #REF! | G3: Gor Na Ragu | I3: Gor Na | J3: Gor Na | K3: Gor Na | L3: Gor Na | M3: Gor Na | N3: Gor Na | O3: Gor Na | P3: Gor Na | Q3: Gor Na | R3: Gor Na | S3: Gor Na | T3: Gor Na Ragu | U3: Gor Na Ragu | V3: Gor Na Ragu | W3: Gor Na Ragu | X3: Gor Na | Y3: Gor Na | Z3: Gor Na Ragu | AA3: Gor Na Ragu | AC3: Gor Na Ragu | AD3: Gor Na | AE3: Gor Na Ragu | AG3: Gor Na Ragu | AH3: Gor Na Ragu | AK3: Gor Na Ragu | AL3: Gor Na Ragu | AM3: Gor Na Ragu | AN3: Gor Na | AO3: Gor Na Ragu | AP3: Gor Na Ragu | AQ3: Gor Na Ragu | AR3: Gor Na Ragu | AS3: Gor Na Ragu | AT3: Gor Na | AV3: Gor Na | AW3: Gor Na | AX3: Gor Na | AY3: Gor Na Ragu | AZ3: Gor Na Ragu | BA3: Gor Na Ragu | BB3: Gor Na Ragu | BC3: Gor Na
D4: {=IF('Wątki'!B3=$A$1,INDIRECT("Klasa"),IF('Wątki'!B3=$A$2,INDIRECT("Grupa"),IF('Wątki'!B3=$A$3,INDIRECT("Postać"),"Nie")))} -> Tak | E4: Nie | G4: Gor Vikr | I4: New Gor PL | J4: New Gor PL | K4: New Gor PL | L4: New Gor PL | M4: New Gor PL | N4: New Gor PL | O4: New Gor PL | P4: New Gor PL | Q4: New Gor PL | R4: New Gor PL | S4: New Gor PL | T4: Gor Vikr | U4: Gor Vikr | V4: Gor Vikr | W4: Gor Vikr | X4: New Gor PL | Y4: New Gor PL | Z4: Gor Vikr | AA4: Gor Vikr | AC4: Gor Vikr | AD4: New Gor PL | AE4: Gor Vikr | AG4: Gor Vikr | AH4: Gor Vikr | AK4: Gor Vikr | AL4: Gor Vikr | AM4: Gor Vikr | AN4: New Gor PL | AO4: Gor Vikr | AP4: Gor Vikr | AQ4: Gor Vikr | AR4: Gor Vikr | AS4: Gor Vikr | AT4: New Gor PL | AV4: New Gor PL | AW4: New Gor PL | AX4: New Gor PL | AY4: Gor Vikr | AZ4: Gor Vikr | BA4: Gor Vikr | BB4: Gor Vikr | BC4: New Gor PL
A5: Strażnicy Świątynni | D5: {=IF('Wątki'!B4=$A$1,INDIRECT("Klasa"),IF('Wątki'!B4=$A$2,INDIRECT("Grupa"),IF('Wątki'!B4=$A$3,INDIRECT("Postać"),"Nie")))} -> Tak | E5: Nie | G5: Gor Han | I5: New Gor EN | J5: New Gor EN | K5: New Gor EN | L5: New Gor EN | M5: New Gor EN | N5: New Gor EN | O5: New Gor EN | P5: New Gor EN | Q5: New Gor EN | R5: New Gor EN | S5: New Gor EN | T5: Gor Han | U5: Gor Han | V5: Gor Han | W5: Gor Han | X5: New Gor EN | Y5: New Gor EN | Z5: Gor Han | AA5: Gor Han | AC5: Gor Han | AD5: New Gor EN | AE5: Gor Han | AG5: Gor Han | AH5: Gor Han | AK5: Gor Han | AL5: Gor Han | AM5: Gor Han | AN5: New Gor EN | AO5: Gor Han | AP5: Gor Han | AQ5: Gor Han | AR5: Gor Han | AS5: Gor Han | AT5: New Gor EN | AV5: New Gor EN | AW5: New Gor EN | AX5: New Gor EN | AY5: Gor Han | AZ5: Gor Han | BA5: Gor Han | BB5: Gor Han | BC5: New Gor EN
D6: {=IF('Wątki'!B5=$A$1,INDIRECT("Klasa"),IF('Wątki'!B5=$A$2,INDIRECT("Grupa"),IF('Wątki'!B5=$A$3,INDIRECT("Postać"),"Nie")))} -> Tak | E6: Nie | G6: Gor Tar | I6: Dodatkowy nowicjusz | J6: Dodatkowy nowicjusz | K6: Dodatkowy nowicjusz | L6: Dodatkowy nowicjusz | M6: Dodatkowy nowicjusz | N6: Dodatkowy nowicjusz | O6: Dodatkowy nowicjusz | P6: Dodatkowy nowicjusz | Q6: Dodatkowy nowicjusz | R6: Dodatkowy nowicjusz | S6: Dodatkowy nowicjusz | T6: Gor Tar | U6: Gor Tar | V6: Gor Tar | W6: Gor Tar | X6: Dodatkowy nowicjusz | Y6: Dodatkowy nowicjusz | Z6: Gor Tar | AA6: Gor Tar | AC6: Gor Tar | AD6: Dodatkowy nowicjusz | AE6: Gor Tar | AG6: Gor Tar | AH6: Gor Tar | AK6: Gor Tar | AL6: Gor Tar | AM6: Gor Tar | AN6: Dodatkowy nowicjusz | AO6: Gor Tar | AP6: Gor Tar | AQ6: Gor Tar | AR6: Gor Tar | AS6: Gor Tar | AT6: Dodatkowy nowicjusz | AV6: Dodatkowy nowicjusz | AW6: Dodatkowy nowicjusz | AX6: Dodatkowy nowicjusz | AY6: Gor Tar | AZ6: Gor Tar | BA6: Gor Tar | BB6: Gor Tar | BC6: Dodatkowy nowicjusz
A7: Skazańcy | D7: {=IF('Wątki'!B6=$A$1,INDIRECT("Klasa"),IF('Wątki'!B6=$A$2,INDIRECT("Grupa"),IF('Wątki'!B6=$A$3,INDIRECT("Postać"),"Nie")))} -> Tak | E7: Nie | G7: Gor Toth | I7: Siatka szpiegowska | J7: Siatka szpiegowska | K7: Siatka szpiegowska | L7: Siatka szpiegowska | M7: Siatka szpiegowska | N7: Siatka szpiegowska | O7: Siatka szpiegowska | P7: Siatka szpiegowska | Q7: Siatka szpiegowska | R7: Siatka szpiegowska | S7: Siatka szpiegowska | T7: Gor Toth | U7: Gor Toth | V7: Gor Toth | W7: Gor Toth | X7: Siatka szpiegowska | Y7: Siatka szpiegowska | Z7: Gor Toth | AA7: Gor Toth | AC7: Gor Toth | AD7: Siatka szpiegowska | AE7: Gor Toth | AG7: Gor Toth | AH7: Gor Toth | AK7: Gor Toth | AL7: Gor Toth | AM7: Gor Toth | AN7: Siatka szpiegowska | AO7: Gor Toth | AP7: Gor Toth | AQ7: Gor Toth | AR7: Gor Toth | AS7: Gor Toth | AT7: Siatka szpiegowska | AV7: Siatka szpiegowska | AW7: Siatka szpiegowska | AX7: Siatka szpiegowska | AY7: Gor Toth | AZ7: Gor Toth | BA7: Gor Toth | BB7: Gor Toth | BC7: Siatka szpiegowska
A8: Kopacze | D8: {=IF('Wątki'!B7=$A$1,INDIRECT("Klasa"),IF('Wątki'!B7=$A$2,INDIRECT("Grupa"),IF('Wątki'!B7=$A$3,INDIRECT("Postać"),"Nie")))} -> Tak | E8: Nie | G8: Gor Gyyrax | I8: Zbieranie zasobów | J8: Zbieranie zasobów | K8: Zbieranie zasobów | L8: Zbieranie zasobów | M8: Zbieranie zasobów | N8: Zbieranie zasobów | O8: Zbieranie zasobów | P8: Zbieranie zasobów | Q8: Zbieranie zasobów | R8: Zbieranie zasobów | S8: Zbieranie zasobów | T8: Gor Gyyrax | U8: Gor Gyyrax | V8: Gor Gyyrax | W8: Gor Gyyrax | X8: Zbieranie zasobów | Y8: Zbieranie zasobów | Z8: Gor Gyyrax | AA8: Gor Gyyrax | AC8: Gor Gyyrax | AD8: Zbieranie zasobów | AE8: Gor Gyyrax | AG8: Gor Gyyrax | AH8: Gor Gyyrax | AK8: Gor Gyyrax | AL8: Gor Gyyrax | AM8: Gor Gyyrax | AN8: Zbieranie zasobów | AO8: Gor Gyyrax | AP8: Gor Gyyrax | AQ8: Gor Gyyrax | AR8: Gor Gyyrax | AS8: Gor Gyyrax | AT8: Zbieranie zasobów | AV8: Zbieranie zasobów | AW8: Zbieranie zasobów | AX8: Zbieranie zasobów | AY8: Gor Gyyrax | AZ8: Gor Gyyrax | BA8: Gor Gyyrax | BB8: Gor Gyyrax | BC8: Zbieranie zasobów
A9: Służący | D9: {=IF('Wątki'!B8=$A$1,INDIRECT("Klasa"),IF('Wątki'!B8=$A$2,INDIRECT("Grupa"),IF('Wątki'!B8=$A$3,INDIRECT("Postać"),"Nie")))} -> Tak | E9: Nie | G9: Gor Balar | I9: SS Kont PL | J9: SS Kont PL | K9: SS Kont PL | L9: SS Kont PL | M9: SS Kont PL | N9: SS Kont PL | O9: SS Kont PL | P9: SS Kont PL | Q9: SS Kont PL | R9: SS Kont PL | S9: SS Kont PL | T9: Gor Balar | U9: Gor Balar | V9: Gor Balar | W9: Gor Balar | X9: SS Kont PL | Y9: SS Kont PL | Z9: Gor Balar | AA9: Gor Balar | AC9: Gor Balar | AD9: SS Kont PL | AE9: Gor Balar | AG9: Gor Balar | AH9: Gor Balar | AK9: Gor Balar | AL9: Gor Balar | AM9: Gor Balar | AN9: SS Kont PL | AO9: Gor Balar | AP9: Gor Balar | AQ9: Gor Balar | AR9: Gor Balar | AS9: Gor Balar | AT9: SS Kont PL | AV9: SS Kont PL | AW9: SS Kont PL | AX9: SS Kont PL | AY9: Gor Balar | AZ9: Gor Balar | BA9: Gor Balar | BB9: Gor Balar | BC9: SS Kont PL
A10: Cienie | D10: {=IF('Wątki'!B9=$A$1,INDIRECT("Klasa"),IF('Wątki'!B9=$A$2,INDIRECT("Grupa"),IF('Wątki'!B9=$A$3,INDIRECT("Postać"),"Nie")))} -> Tak | E10: Nie | G10: Gor Ruh | I10: SS Kont Gor PL | J10: SS Kont Gor PL | K10: SS Kont Gor PL | L10: SS Kont Gor PL | M10: SS Kont Gor PL | N10: SS Kont Gor PL | O10: SS Kont Gor PL | P10: SS Kont Gor PL | Q10: SS Kont Gor PL | R10: SS Kont Gor PL | S10: SS Kont Gor PL | T10: Gor Ruh | U10: Gor Ruh | V10: Gor Ruh | W10: Gor Ruh | X10: SS Kont Gor PL | Y10: SS Kont Gor PL | Z10: Gor Ruh | AA10: Gor Ruh | AC10: Gor Ruh | AD10: SS Kont Gor PL | AE10: Gor Ruh | AG10: Gor Ruh | AH10: Gor Ruh | AK10: Gor Ruh | AL10: Gor Ruh | AM10: Gor Ruh | AN10: SS Kont Gor PL | AO10: Gor Ruh | AP10: Gor Ruh | AQ10: Gor Ruh | AR10: Gor Ruh | AS10: Gor Ruh | AT10: SS Kont Gor PL | AV10: SS Kont Gor PL | AW10: SS Kont Gor PL | AX10: SS Kont Gor PL | AY10: Gor Ruh | AZ10: Gor Ruh | BA10: Gor Ruh | BB10: Gor Ruh | BC10: SS Kont Gor PL
A11: Strażnicy | D11: {=IF('Wątki'!B10=$A$1,INDIRECT("Klasa"),IF('Wątki'!B10=$A$2,INDIRECT("Grupa"),IF('Wątki'!B10=$A$3,INDIRECT("Postać"),"Nie")))} -> Tak | E11: Nie | G11: Gor Omba | I11: SS Kont Gor EN | J11: SS Kont Gor EN | K11: SS Kont Gor EN | L11: SS Kont Gor EN | M11: SS Kont Gor EN | N11: SS Kont Gor EN | O11: SS Kont Gor EN | P11: SS Kont Gor EN | Q11: SS Kont Gor EN | R11: SS Kont Gor EN | S11: SS Kont Gor EN | T11: Gor Omba | U11: Gor Omba | V11: Gor Omba | W11: Gor Omba | X11: SS Kont Gor EN | Y11: SS Kont Gor EN | Z11: Gor Omba | AA11: Gor Omba | AC11: Gor Omba | AD11: SS Kont Gor EN | AE11: Gor Omba | AG11: Gor Omba | AH11: Gor Omba | AK11: Gor Omba | AL11: Gor Omba | AM11: Gor Omba | AN11: SS Kont Gor EN | AO11: Gor Omba | AP11: Gor Omba | AQ11: Gor Omba | AR11: Gor Omba | AS11: Gor Omba | AT11: SS Kont Gor EN | AV11: SS Kont Gor EN | AW11: SS Kont Gor EN | AX11: SS Kont Gor EN | AY11: Gor Omba | AZ11: Gor Omba | BA11: Gor Omba | BB11: Gor Omba | BC11: SS Kont Gor EN
A12: Magowie Ognia | D12: {=IF('Wątki'!B11=$A$1,INDIRECT("Klasa"),IF('Wątki'!B11=$A$2,INDIRECT("Grupa"),IF('Wątki'!B11=$A$3,INDIRECT("Postać"),"Nie")))} -> Tak | E12: Nie | G12: Gor Gior | T12: Gor Gior | U12: Gor Gior | V12: Gor Gior | W12: Gor Gior | Z12: Gor Gior | AA12: Gor Gior | AC12: Gor Gior | AE12: Gor Gior | AG12: Gor Gior | AH12: Gor Gior | AK12: Gor Gior | AL12: Gor Gior | AM12: Gor Gior | AO12: Gor Gior | AP12: Gor Gior | AQ12: Gor Gior | AR12: Gor Gior | AS12: Gor Gior | AY12: Gor Gior | AZ12: Gor Gior | BA12: Gor Gior | BB12: Gor Gior
A13: Magnaci | D13: {=IF('Wątki'!B12=$A$1,INDIRECT("Klasa"),IF('Wątki'!B12=$A$2,INDIRECT("Grupa"),IF('Wątki'!B12=$A$3,INDIRECT("Postać"),"Nie")))} -> Tak | E13: Nie | G13: Gor Bács | T13: Gor Bács | U13: Gor Bács | V13: Gor Bács | W13: Gor Bács | Z13: Gor Bács | AA13: Gor Bács | AC13: Gor Bács | AE13: Gor Bács | AG13: Gor Bács | AH13: Gor Bács | AK13: Gor Bács | AL13: Gor Bács | AM13: Gor Bács | AO13: Gor Bács | AP13: Gor Bács | AQ13: Gor Bács | AR13: Gor Bács | AS13: Gor Bács | AY13: Gor Bács | AZ13: Gor Bács | BA13: Gor Bács | BB13: Gor Bács
A14: Krety | D14: {=IF('Wątki'!B13=$A$1,INDIRECT("Klasa"),IF('Wątki'!B13=$A$2,INDIRECT("Grupa"),IF('Wątki'!B13=$A$3,INDIRECT("Postać"),"Nie")))} -> Tak | E14: Nie | G14: Gor Vith | T14: Gor Vith | U14: Gor Vith | V14: Gor Vith | W14: Gor Vith | Z14: Gor Vith | AA14: Gor Vith | AC14: Gor Vith | AE14: Gor Vith | AG14: Gor Vith | AH14: Gor Vith | AK14: Gor Vith | AL14: Gor Vith | AM14: Gor Vith | AO14: Gor Vith | AP14: Gor Vith | AQ14: Gor Vith | AR14: Gor Vith | AS14: Gor Vith | AY14: Gor Vith | AZ14: Gor Vith | BA14: Gor Vith | BB14: Gor Vith
A15: Szkodniki | D15: {=IF('Wątki'!B14=$A$1,INDIRECT("Klasa"),IF('Wątki'!B14=$A$2,INDIRECT("Grupa"),IF('Wątki'!B14=$A$3,INDIRECT("Postać"),"Nie")))} -> Nie
A16: Najemnicy | D16: {=IF('Wątki'!B15=$A$1,INDIRECT("Klasa"),IF('Wątki'!B15=$A$2,INDIRECT("Grupa"),IF('Wątki'!B15=$A$3,INDIRECT("Postać"),"Nie")))} -> Nie
A17: Magowie Wody | D17: {=IF('Wątki'!B16=$A$1,INDIRECT("Klasa"),IF('Wątki'!B16=$A$2,INDIRECT("Grupa"),IF('Wątki'!B16=$A$3,INDIRECT("Postać"),"Nie")))} -> Nie
A18: Nowicjusze | D18: {=IF('Wątki'!B17=$A$1,INDIRECT("Klasa"),IF('Wątki'!B17=$A$2,INDIRECT("Grupa"),IF('Wątki'!B17=$A$3,INDIRECT("Postać"),"Nie")))} -> Nie
A19: Strażnicy Świątynni | D19: {=IF('Wątki'!B18=$A$1,INDIRECT("Klasa"),IF('Wątki'!B18=$A$2,INDIRECT("Grupa"),IF('Wątki'!B18=$A$3,INDIRECT("Postać"),"Nie")))} -> Tak | E19: Nie
A20: Guru | D20: {=IF('Wątki'!B19=$A$1,INDIRECT("Klasa"),IF('Wątki'!B19=$A$2,INDIRECT("Grupa"),IF('Wątki'!B19=$A$3,INDIRECT("Postać"),"Nie")))} -> Tak | E20: Nie
D21: {=IF('Wątki'!B20=$A$1,INDIRECT("Klasa"),IF('Wątki'!B20=$A$2,INDIRECT("Grupa"),IF('Wątki'!B20=$A$3,INDIRECT("Postać"),"Nie")))} -> Nie
A22: Khorinis | B22: Miasto Khorinis | D22: {=IF('Wątki'!B21=$A$1,INDIRECT("Klasa"),IF('Wątki'!B21=$A$2,INDIRECT("Grupa"),IF('Wątki'!B21=$A$3,INDIRECT("Postać"),"Nie")))} -> Nie
B23: Farmy | D23: {=IF(#REF!=$A$1,INDIRECT("Klasa"),IF(#REF!=$A$2,INDIRECT("Grupa"),IF(#REF!=$A$3,INDIRECT("Postać"),"Nie")))} -> #REF!
A24: Myrtana | B24: Ardea | D24: {=IF('Wątki'!B22=$A$1,INDIRECT("Klasa"),IF('Wątki'!B22=$A$2,INDIRECT("Grupa"),IF('Wątki'!B22=$A$3,INDIRECT("Postać"),"Nie")))} -> Nie
B25: Cape Dun | D25: {=IF('Wątki'!B23=$A$1,INDIRECT("Klasa"),IF('Wątki'!B23=$A$2,INDIRECT("Grupa"),IF('Wątki'!B23=$A$3,INDIRECT("Postać"),"Nie")))} -> Tak | E25: Nie
B26: Montera | D26: {=IF('Wątki'!B24=$A$1,INDIRECT("Klasa"),IF('Wątki'!B24=$A$2,INDIRECT("Grupa"),IF('Wątki'!B24=$A$3,INDIRECT("Postać"),"Nie")))} -> Nie
B27: Vengard | D27: {=IF(#REF!=$A$1,INDIRECT("Klasa"),IF(#REF!=$A$2,INDIRECT("Grupa"),IF(#REF!=$A$3,INDIRECT("Postać"),"Nie")))} -> #REF!
B28: Silden | D28: {=IF('Wątki'!B25=$A$1,INDIRECT("Klasa"),IF('Wątki'!B25=$A$2,INDIRECT("Grupa"),IF('Wątki'!B25=$A$3,INDIRECT("Postać"),"Nie")))} -> Nie
B29: Geldern | D29: {=IF('Wątki'!B26=$A$1,INDIRECT("Klasa"),IF('Wątki'!B26=$A$2,INDIRECT("Grupa"),IF('Wątki'!B26=$A$3,INDIRECT("Postać"),"Nie")))} -> Nie
B30: Faring | D30: =IF(#REF!=$A$1,INDIRECT("Klasa"),IF(#REF!=$A$2,INDIRECT("Grupa"),IF(#REF!=$A$3,INDIRECT("Postać"),"Nie"))) -> #REF!
B31: Gotha | D31: =IF(#REF!=$A$1,INDIRECT("Klasa"),IF(#REF!=$A$2,INDIRECT("Grupa"),IF(#REF!=$A$3,INDIRECT("Postać"),"Nie"))) -> #REF!
B32: Trelis | D32: {=IF('Wątki'!B27=$A$1,INDIRECT("Klasa"),IF('Wątki'!B27=$A$2,INDIRECT("Grupa"),IF('Wątki'!B27=$A$3,INDIRECT("Postać"),"Nie")))} -> Nie
A33: Varant | B33: Ishtar | D33: {=IF('Wątki'!B28=$A$1,INDIRECT("Klasa"),IF('Wątki'!B28=$A$2,INDIRECT("Grupa"),IF('Wątki'!B28=$A$3,INDIRECT("Postać"),"Nie")))} -> Nie
B34: Mora Sul | D34: {=IF('Wątki'!B29=$A$1,INDIRECT("Klasa"),IF('Wątki'!B29=$A$2,INDIRECT("Grupa"),IF('Wątki'!B29=$A$3,INDIRECT("Postać"),"Nie")))} -> Nie
B35: Bakaresh | D35: {=IF('Wątki'!B30=$A$1,INDIRECT("Klasa"),IF('Wątki'!B30=$A$2,INDIRECT("Grupa"),IF('Wątki'!B30=$A$3,INDIRECT("Postać"),"Nie")))} -> Tak | E35: Nie
B36: Braga | D36: {=IF('Wątki'!B31=$A$1,INDIRECT("Klasa"),IF('Wątki'!B31=$A$2,INDIRECT("Grupa"),IF('Wątki'!B31=$A$3,INDIRECT("Postać"),"Nie")))} -> Nie
B37: Ben Erai | D37: {=IF('Wątki'!B32=$A$1,INDIRECT("Klasa"),IF('Wątki'!B32=$A$2,INDIRECT("Grupa"),IF('Wątki'!B32=$A$3,INDIRECT("Postać"),"Nie")))} -> Nie
B38: Lago | D38: {=IF('Wątki'!B33=$A$1,INDIRECT("Klasa"),IF('Wątki'!B33=$A$2,INDIRECT("Grupa"),IF('Wątki'!B33=$A$3,INDIRECT("Postać"),"Nie")))} -> Nie
B39: Ben Sala | D39: {=IF('Wątki'!B34=$A$1,INDIRECT("Klasa"),IF('Wątki'!B34=$A$2,INDIRECT("Grupa"),IF('Wątki'!B34=$A$3,INDIRECT("Postać"),"Nie")))} -> Nie
A40: Archolos | B40: Miasto Archolos | D40: {=IF('Wątki'!B35=$A$1,INDIRECT("Klasa"),IF('Wątki'!B35=$A$2,INDIRECT("Grupa"),IF('Wątki'!B35=$A$3,INDIRECT("Postać"),"Nie")))} -> Nie
B41: Silbach | D41: {=IF('Wątki'!B36=$A$1,INDIRECT("Klasa"),IF('Wątki'!B36=$A$2,INDIRECT("Grupa"),IF('Wątki'!B36=$A$3,INDIRECT("Postać"),"Nie")))} -> Tak | E41: Nie
B42: Wilcze Leże | D42: {=IF(#REF!=$A$1,INDIRECT("Klasa"),IF(#REF!=$A$2,INDIRECT("Grupa"),IF(#REF!=$A$3,INDIRECT("Postać"),"Nie")))} -> #REF!
B43: Winnica Rity | D43: {=IF('Wątki'!B37=$A$1,INDIRECT("Klasa"),IF('Wątki'!B37=$A$2,INDIRECT("Grupa"),IF('Wątki'!B37=$A$3,INDIRECT("Postać"),"Nie")))} -> Tak | E43: Nie
B44: Winnica Valerio | D44: {=IF('Wątki'!B38=$A$1,INDIRECT("Klasa"),IF('Wątki'!B38=$A$2,INDIRECT("Grupa"),IF('Wątki'!B38=$A$3,INDIRECT("Postać"),"Nie")))} -> Tak | E44: Nie
A45: Nordmar | B45: Klan Młota | D45: {=IF('Wątki'!B39=$A$1,INDIRECT("Klasa"),IF('Wątki'!B39=$A$2,INDIRECT("Grupa"),IF('Wątki'!B39=$A$3,INDIRECT("Postać"),"Nie")))} -> Tak | E45: Nie
B46: Klan Ognia | D46: {=IF('Wątki'!B40=$A$1,INDIRECT("Klasa"),IF('Wątki'!B40=$A$2,INDIRECT("Grupa"),IF('Wątki'!B40=$A$3,INDIRECT("Postać"),"Nie")))} -> Nie
B47: Klan Wilka | D47: {=IF('Wątki'!B41=$A$1,INDIRECT("Klasa"),IF('Wątki'!B41=$A$2,INDIRECT("Grupa"),IF('Wątki'!B41=$A$3,INDIRECT("Postać"),"Nie")))} -> Nie
A48: Wyspy Południowe | B48: Wyspy Południowe | D48: {=IF('Wątki'!B42=$A$1,INDIRECT("Klasa"),IF('Wątki'!B42=$A$2,INDIRECT("Grupa"),IF('Wątki'!B42=$A$3,INDIRECT("Postać"),"Nie")))} -> Nie
A49: Wschodni Archipelag | B49: Wschodni Archipelag | D49: {=IF('Wątki'!B43=$A$1,INDIRECT("Klasa"),IF('Wątki'!B43=$A$2,INDIRECT("Grupa"),IF('Wątki'!B43=$A$3,INDIRECT("Postać"),"Nie")))} -> Nie
D50: {=IF('Wątki'!B44=$A$1,INDIRECT("Klasa"),IF('Wątki'!B44=$A$2,INDIRECT("Grupa"),IF('Wątki'!B44=$A$3,INDIRECT("Postać"),"Nie")))} -> Tak | E50: Nie
D51: {=IF('Wątki'!B45=$A$1,INDIRECT("Klasa"),IF('Wątki'!B45=$A$2,INDIRECT("Grupa"),IF('Wątki'!B45=$A$3,INDIRECT("Postać"),"Nie")))} -> Nie
D52: {=IF('Wątki'!B46=$A$1,INDIRECT("Klasa"),IF('Wątki'!B46=$A$2,INDIRECT("Grupa"),IF('Wątki'!B46=$A$3,INDIRECT("Postać"),"Nie")))} -> Nie
D53: {=IF('Wątki'!B47=$A$1,INDIRECT("Klasa"),IF('Wątki'!B47=$A$2,INDIRECT("Grupa"),IF('Wątki'!B47=$A$3,INDIRECT("Postać"),"Nie")))} -> Nie
D54: {=IF('Wątki'!B48=$A$1,INDIRECT("Klasa"),IF('Wątki'!B48=$A$2,INDIRECT("Grupa"),IF('Wątki'!B48=$A$3,INDIRECT("Postać"),"Nie")))} -> Nie
D55: {=IF('Wątki'!B49=$A$1,INDIRECT("Klasa"),IF('Wątki'!B49=$A$2,INDIRECT("Grupa"),IF('Wątki'!B49=$A$3,INDIRECT("Postać"),"Nie")))} -> Nie
D56: {=IF('Wątki'!B50=$A$1,INDIRECT("Klasa"),IF('Wątki'!B50=$A$2,INDIRECT("Grupa"),IF('Wątki'!B50=$A$3,INDIRECT("Postać"),"Nie")))} -> Nie
D57: {=IF('Wątki'!B51=$A$1,INDIRECT("Klasa"),IF('Wątki'!B51=$A$2,INDIRECT("Grupa"),IF('Wątki'!B51=$A$3,INDIRECT("Postać"),"Nie")))} -> Nie
D58: {=IF('Wątki'!B52=$A$1,INDIRECT("Klasa"),IF('Wątki'!B52=$A$2,INDIRECT("Grupa"),IF('Wątki'!B52=$A$3,INDIRECT("Postać"),"Nie")))} -> Nie
D59: {=IF('Wątki'!B53=$A$1,INDIRECT("Klasa"),IF('Wątki'!B53=$A$2,INDIRECT("Grupa"),IF('Wątki'!B53=$A$3,INDIRECT("Postać"),"Nie")))} -> Nie
D60: {=IF('Wątki'!B54=$A$1,INDIRECT("Klasa"),IF('Wątki'!B54=$A$2,INDIRECT("Grupa"),IF('Wątki'!B54=$A$3,INDIRECT("Postać"),"Nie")))} -> Nie
D61: {=IF('Wątki'!B55=$A$1,INDIRECT("Klasa"),IF('Wątki'!B55=$A$2,INDIRECT("Grupa"),IF('Wątki'!B55=$A$3,INDIRECT("Postać"),"Nie")))} -> Nie
D62: {=IF('Wątki'!B56=$A$1,INDIRECT("Klasa"),IF('Wątki'!B56=$A$2,INDIRECT("Grupa"),IF('Wątki'!B56=$A$3,INDIRECT("Postać"),"Nie")))} -> Nie
... D199: {=IF('Wątki'!B193=$A$1,INDIRECT("Klasa"),IF('Wątki'!B193=$A$2,INDIRECT("Grupa"),IF('Wątki'!B193=$A$3,INDIRECT("Postać"),"Nie")))} -> Nie
A201: {=IF(Postacie!$D2=$A$22,INDIRECT("PochodzenieKhorinis"),IF(Postacie!$D2=$A$24,INDIRECT("PochodzenieMyrtana"),IF(Postacie!$D2=$A$33,INDIRECT("PochodzenieVarant"),IF(Postacie!$D2=$A$40,INDIRECT("PochodzenieArcholos"),IF(Postacie!$D2=$A$45,INDIRECT("PochodzenieNordmar"),IF(Postacie!$D2=$A$48,INDIRECT("PochodzenieWyspyPołudniowe"),IF(Postacie!$D2=$A$49,INDIRECT("PochodzenieWschodniArchipelag"))))))))} -> Miasto Khorinis | B201: {=IF(Postacie!$D3=$A$22,INDIRECT("PochodzenieKhorinis"),IF(Postacie!$D3=$A$24,INDIRECT("PochodzenieMyrtana"),IF(Postacie!$D3=$A$33,INDIRECT("PochodzenieVarant"),IF(Postacie!$D3=$A$40,INDIRECT("PochodzenieArcholos"),IF(Postacie!$D3=$A$45,INDIRECT("PochodzenieNordmar"),IF(Postacie!$D3=$A$48,INDIRECT("PochodzenieWyspyPołudniowe"),IF(Postacie!$D3=$A$49,INDIRECT("PochodzenieWschodniArchipelag"))))))))} -> FALSE | C201: {=IF(Postacie!$D4=$A$22,INDIRECT("PochodzenieKhorinis"),IF(Postacie!$D4=$A$24,INDIRECT("PochodzenieMyrtana"),IF(Postacie!$D4=$A$33,INDIRECT("PochodzenieVarant"),IF(Postacie!$D4=$A$40,INDIRECT("PochodzenieArcholos"),IF(Postacie!$D4=$A$45,INDIRECT("PochodzenieNordmar"),IF(Postacie!$D4=$A$48,INDIRECT("PochodzenieWyspyPołudniowe"),IF(Postacie!$D4=$A$49,INDIRECT("PochodzenieWschodniArchipelag"))))))))} -> Miasto Archolos | D201: {=IF(Postacie!$D5=$A$22,INDIRECT("PochodzenieKhorinis"),IF(Postacie!$D5=$A$24,INDIRECT("PochodzenieMyrtana"),IF(Postacie!$D5=$A$33,INDIRECT("PochodzenieVarant"),IF(Postacie!$D5=$A$40,INDIRECT("PochodzenieArcholos"),IF(Postacie!$D5=$A$45,INDIRECT("PochodzenieNordmar"),IF(Postacie!$D5=$A$48,INDIRECT("PochodzenieWyspyPołudniowe"),IF(Postacie!$D5=$A$49,INDIRECT("PochodzenieWschodniArchipelag"))))))))} -> Miasto Khorinis | E201: {=IF(Postacie!$D6=$A$22,INDIRECT("PochodzenieKhorinis"),IF(Postacie!$D6=$A$24,INDIRECT("PochodzenieMyrtana"),IF(Postacie!$D6=$A$33,INDIRECT("PochodzenieVarant"),IF(Postacie!$D6=$A$40,INDIRECT("PochodzenieArcholos"),IF(Postacie!$D6=$A$45,INDIRECT("PochodzenieNordmar"),IF(Postacie!$D6=$A$48,INDIRECT("PochodzenieWyspyPołudniowe"),IF(Postacie!$D6=$A$49,INDIRECT("PochodzenieWschodniArchipelag"))))))))} -> FALSE | F201: {=IF(Postacie!$D7=$A$22,INDIRECT("PochodzenieKhorinis"),IF(Postacie!$D7=$A$24,INDIRECT("PochodzenieMyrtana"),IF(Postacie!$D7=$A$33,INDIRECT("PochodzenieVarant"),IF(Postacie!$D7=$A$40,INDIRECT("PochodzenieArcholos"),IF(Postacie!$D7=$A$45,INDIRECT("PochodzenieNordmar"),IF(Postacie!$D7=$A$48,INDIRECT("PochodzenieWyspyPołudniowe"),IF(Postacie!$D7=$A$49,INDIRECT("PochodzenieWschodniArchipelag"))))))))} -> FALSE | G201: {=IF(Postacie!$D8=$A$22,INDIRECT("PochodzenieKhorinis"),IF(Postacie!$D8=$A$24,INDIRECT("PochodzenieMyrtana"),IF(Postacie!$D8=$A$33,INDIRECT("PochodzenieVarant"),IF(Postacie!$D8=$A$40,INDIRECT("PochodzenieArcholos"),IF(Postacie!$D8=$A$45,INDIRECT("PochodzenieNordmar"),IF(Postacie!$D8=$A$48,INDIRECT("PochodzenieWyspyPołudniowe"),IF(Postacie!$D8=$A$49,INDIRECT("PochodzenieWschodniArchipelag"))))))))} -> FALSE | H201: {=IF(Postacie!$D9=$A$22,INDIRECT("PochodzenieKhorinis"),IF(Postacie!$D9=$A$24,INDIRECT("PochodzenieMyrtana"),IF(Postacie!$D9=$A$33,INDIRECT("PochodzenieVarant"),IF(Postacie!$D9=$A$40,INDIRECT("PochodzenieArcholos"),IF(Postacie!$D9=$A$45,INDIRECT("PochodzenieNordmar"),IF(Postacie!$D9=$A$48,INDIRECT("PochodzenieWyspyPołudniowe"),IF(Postacie!$D9=$A$49,INDIRECT("PochodzenieWschodniArchipelag"))))))))} -> FALSE | I201: {=IF(Postacie!$D10=$A$22,INDIRECT("PochodzenieKhorinis"),IF(Postacie!$D10=$A$24,INDIRECT("PochodzenieMyrtana"),IF(Postacie!$D10=$A$33,INDIRECT("PochodzenieVarant"),IF(Postacie!$D10=$A$40,INDIRECT("PochodzenieArcholos"),IF(Postacie!$D10=$A$45,INDIRECT("PochodzenieNordmar"),IF(Postacie!$D10=$A$48,INDIRECT("PochodzenieWyspyPołudniowe"),IF(Postacie!$D10=$A$49,INDIRECT("PochodzenieWschodniArchipelag"))))))))} -> FALSE | J201: {=IF(Postacie!$D11=$A$22,INDIRECT("PochodzenieKhorinis"),IF(Postacie!$D11=$A$24,INDIRECT("PochodzenieMyrtana"),IF(Postacie!$D11=$A$33,INDIRECT("PochodzenieVarant"),IF(Postacie!$D11=$A$40,INDIRECT("PochodzenieArcholos"),IF(Postacie!$D11=$A$45,INDIRECT("PochodzenieNordmar"),IF(Postacie!$D11=$A$48,INDIRECT("PochodzenieWyspyPołudniowe"),IF(Postacie!$D11=$A$49,INDIRECT("PochodzenieWschodniArchipelag"))))))))} -> FALSE | K201: {=IF(Postacie!$D12=$A$22,INDIRECT("PochodzenieKhorinis"),IF(Postacie!$D12=$A$24,INDIRECT("PochodzenieMyrtana"),IF(Postacie!$D12=$A$33,INDIRECT("PochodzenieVarant"),IF(Postacie!$D12=$A$40,INDIRECT("PochodzenieArcholos"),IF(Postacie!$D12=$A$45,INDIRECT("PochodzenieNordmar"),IF(Postacie!$D12=$A$48,INDIRECT("PochodzenieWyspyPołudniowe"),IF(Postacie!$D12=$A$49,INDIRECT("PochodzenieWschodniArchipelag"))))))))} -> FALSE | L201: {=IF(Postacie!$D13=$A$22,INDIRECT("PochodzenieKhorinis"),IF(Postacie!$D13=$A$24,INDIRECT("PochodzenieMyrtana"),IF(Postacie!$D13=$A$33,INDIRECT("PochodzenieVarant"),IF(Postacie!$D13=$A$40,INDIRECT("PochodzenieArcholos"),IF(Postacie!$D13=$A$45,INDIRECT("PochodzenieNordmar"),IF(Postacie!$D13=$A$48,INDIRECT("PochodzenieWyspyPołudniowe"),IF(Postacie!$D13=$A$49,INDIRECT("PochodzenieWschodniArchipelag"))))))))} -> FALSE | M201: {=IF(Postacie!$D14=$A$22,INDIRECT("PochodzenieKhorinis"),IF(Postacie!$D14=$A$24,INDIRECT("PochodzenieMyrtana"),IF(Postacie!$D14=$A$33,INDIRECT("PochodzenieVarant"),IF(Postacie!$D14=$A$40,INDIRECT("PochodzenieArcholos"),IF(Postacie!$D14=$A$45,INDIRECT("PochodzenieNordmar"),IF(Postacie!$D14=$A$48,INDIRECT("PochodzenieWyspyPołudniowe"),IF(Postacie!$D14=$A$49,INDIRECT("PochodzenieWschodniArchipelag"))))))))} -> Miasto Archolos | N201: {=IF(Postacie!$D15=$A$22,INDIRECT("PochodzenieKhorinis"),IF(Postacie!$D15=$A$24,INDIRECT("PochodzenieMyrtana"),IF(Postacie!$D15=$A$33,INDIRECT("PochodzenieVarant"),IF(Postacie!$D15=$A$40,INDIRECT("PochodzenieArcholos"),IF(Postacie!$D15=$A$45,INDIRECT("PochodzenieNordmar"),IF(Postacie!$D15=$A$48,INDIRECT("PochodzenieWyspyPołudniowe"),IF(Postacie!$D15=$A$49,INDIRECT("PochodzenieWschodniArchipelag"))))))))} -> FALSE | O201: {=IF(Postacie!$D16=$A$22,INDIRECT("PochodzenieKhorinis"),IF(Postacie!$D16=$A$24,INDIRECT("PochodzenieMyrtana"),IF(Postacie!$D16=$A$33,INDIRECT("PochodzenieVarant"),IF(Postacie!$D16=$A$40,INDIRECT("PochodzenieArcholos"),IF(Postacie!$D16=$A$45,INDIRECT("PochodzenieNordmar"),IF(Postacie!$D16=$A$48,INDIRECT("PochodzenieWyspyPołudniowe"),IF(Postacie!$D16=$A$49,INDIRECT("PochodzenieWschodniArchipelag"))))))))} -> FALSE | P201: {=IF(Postacie!$D17=$A$22,INDIRECT("PochodzenieKhorinis"),IF(Postacie!$D17=$A$24,INDIRECT("PochodzenieMyrtana"),IF(Postacie!$D17=$A$33,INDIRECT("PochodzenieVarant"),IF(Postacie!$D17=$A$40,INDIRECT("PochodzenieArcholos"),IF(Postacie!$D17=$A$45,INDIRECT("PochodzenieNordmar"),IF(Postacie!$D17=$A$48,INDIRECT("PochodzenieWyspyPołudniowe"),IF(Postacie!$D17=$A$49,INDIRECT("PochodzenieWschodniArchipelag"))))))))} -> FALSE | Q201: {=IF(Postacie!$D18=$A$22,INDIRECT("PochodzenieKhorinis"),IF(Postacie!$D18=$A$24,INDIRECT("PochodzenieMyrtana"),IF(Postacie!$D18=$A$33,INDIRECT("PochodzenieVarant"),IF(Postacie!$D18=$A$40,INDIRECT("PochodzenieArcholos"),IF(Postacie!$D18=$A$45,INDIRECT("PochodzenieNordmar"),IF(Postacie!$D18=$A$48,INDIRECT("PochodzenieWyspyPołudniowe"),IF(Postacie!$D18=$A$49,INDIRECT("PochodzenieWschodniArchipelag"))))))))} -> FALSE | R201: {=IF(Postacie!$D19=$A$22,INDIRECT("PochodzenieKhorinis"),IF(Postacie!$D19=$A$24,INDIRECT("PochodzenieMyrtana"),IF(Postacie!$D19=$A$33,INDIRECT("PochodzenieVarant"),IF(Postacie!$D19=$A$40,INDIRECT("PochodzenieArcholos"),IF(Postacie!$D19=$A$45,INDIRECT("PochodzenieNordmar"),IF(Postacie!$D19=$A$48,INDIRECT("PochodzenieWyspyPołudniowe"),IF(Postacie!$D19=$A$49,INDIRECT("PochodzenieWschodniArchipelag"))))))))} -> FALSE | S201: {=IF(Postacie!$D20=$A$22,INDIRECT("PochodzenieKhorinis"),IF(Postacie!$D20=$A$24,INDIRECT("PochodzenieMyrtana"),IF(Postacie!$D20=$A$33,INDIRECT("PochodzenieVarant"),IF(Postacie!$D20=$A$40,INDIRECT("PochodzenieArcholos"),IF(Postacie!$D20=$A$45,INDIRECT("PochodzenieNordmar"),IF(Postacie!$D20=$A$48,INDIRECT("PochodzenieWyspyPołudniowe"),IF(Postacie!$D20=$A$49,INDIRECT("PochodzenieWschodniArchipelag"))))))))} -> FALSE | T201: {=IF(Postacie!$D21=$A$22,INDIRECT("PochodzenieKhorinis"),IF(Postacie!$D21=$A$24,INDIRECT("PochodzenieMyrtana"),IF(Postacie!$D21=$A$33,INDIRECT("PochodzenieVarant"),IF(Postacie!$D21=$A$40,INDIRECT("PochodzenieArcholos"),IF(Postacie!$D21=$A$45,INDIRECT("PochodzenieNordmar"),IF(Postacie!$D21=$A$48,INDIRECT("PochodzenieWyspyPołudniowe"),IF(Postacie!$D21=$A$49,INDIRECT("PochodzenieWschodniArchipelag"))))))))} -> FALSE | U201: {=IF(Postacie!$D22=$A$22,INDIRECT("PochodzenieKhorinis"),IF(Postacie!$D22=$A$24,INDIRECT("PochodzenieMyrtana"),IF(Postacie!$D22=$A$33,INDIRECT("PochodzenieVarant"),IF(Postacie!$D22=$A$40,INDIRECT("PochodzenieArcholos"),IF(Postacie!$D22=$A$45,INDIRECT("PochodzenieNordmar"),IF(Postacie!$D22=$A$48,INDIRECT("PochodzenieWyspyPołudniowe"),IF(Postacie!$D22=$A$49,INDIRECT("PochodzenieWschodniArchipelag"))))))))} -> FALSE | V201: {=IF(Postacie!$D23=$A$22,INDIRECT("PochodzenieKhorinis"),IF(Postacie!$D23=$A$24,INDIRECT("PochodzenieMyrtana"),IF(Postacie!$D23=$A$33,INDIRECT("PochodzenieVarant"),IF(Postacie!$D23=$A$40,INDIRECT("PochodzenieArcholos"),IF(Postacie!$D23=$A$45,INDIRECT("PochodzenieNordmar"),IF(Postacie!$D23=$A$48,INDIRECT("PochodzenieWyspyPołudniowe"),IF(Postacie!$D23=$A$49,INDIRECT("PochodzenieWschodniArchipelag"))))))))} -> FALSE | W201: {=IF(Postacie!$D24=$A$22,INDIRECT("PochodzenieKhorinis"),IF(Postacie!$D24=$A$24,INDIRECT("PochodzenieMyrtana"),IF(Postacie!$D24=$A$33,INDIRECT("PochodzenieVarant"),IF(Postacie!$D24=$A$40,INDIRECT("PochodzenieArcholos"),IF(Postacie!$D24=$A$45,INDIRECT("PochodzenieNordmar"),IF(Postacie!$D24=$A$48,INDIRECT("PochodzenieWyspyPołudniowe"),IF(Postacie!$D24=$A$49,INDIRECT("PochodzenieWschodniArchipelag"))))))))} -> FALSE | X201: {=IF(Postacie!$D25=$A$22,INDIRECT("PochodzenieKhorinis"),IF(Postacie!$D25=$A$24,INDIRECT("PochodzenieMyrtana"),IF(Postacie!$D25=$A$33,INDIRECT("PochodzenieVarant"),IF(Postacie!$D25=$A$40,INDIRECT("PochodzenieArcholos"),IF(Postacie!$D25=$A$45,INDIRECT("PochodzenieNordmar"),IF(Postacie!$D25=$A$48,INDIRECT("PochodzenieWyspyPołudniowe"),IF(Postacie!$D25=$A$49,INDIRECT("PochodzenieWschodniArchipelag"))))))))} -> FALSE | Y201: {=IF(Postacie!$D26=$A$22,INDIRECT("PochodzenieKhorinis"),IF(Postacie!$D26=$A$24,INDIRECT("PochodzenieMyrtana"),IF(Postacie!$D26=$A$33,INDIRECT("PochodzenieVarant"),IF(Postacie!$D26=$A$40,INDIRECT("PochodzenieArcholos"),IF(Postacie!$D26=$A$45,INDIRECT("PochodzenieNordmar"),IF(Postacie!$D26=$A$48,INDIRECT("PochodzenieWyspyPołudniowe"),IF(Postacie!$D26=$A$49,INDIRECT("PochodzenieWschodniArchipelag"))))))))} -> FALSE | Z201: {=IF(Postacie!$D27=$A$22,INDIRECT("PochodzenieKhorinis"),IF(Postacie!$D27=$A$24,INDIRECT("PochodzenieMyrtana"),IF(Postacie!$D27=$A$33,INDIRECT("PochodzenieVarant"),IF(Postacie!$D27=$A$40,INDIRECT("PochodzenieArcholos"),IF(Postacie!$D27=$A$45,INDIRECT("PochodzenieNordmar"),IF(Postacie!$D27=$A$48,INDIRECT("PochodzenieWyspyPołudniowe"),IF(Postacie!$D27=$A$49,INDIRECT("PochodzenieWschodniArchipelag"))))))))} -> FALSE | AA201: {=IF(Postacie!$D28=$A$22,INDIRECT("PochodzenieKhorinis"),IF(Postacie!$D28=$A$24,INDIRECT("PochodzenieMyrtana"),IF(Postacie!$D28=$A$33,INDIRECT("PochodzenieVarant"),IF(Postacie!$D28=$A$40,INDIRECT("PochodzenieArcholos"),IF(Postacie!$D28=$A$45,INDIRECT("PochodzenieNordmar"),IF(Postacie!$D28=$A$48,INDIRECT("PochodzenieWyspyPołudniowe"),IF(Postacie!$D28=$A$49,INDIRECT("PochodzenieWschodniArchipelag"))))))))} -> FALSE | AB201: {=IF(Postacie!$D29=$A$22,INDIRECT("PochodzenieKhorinis"),IF(Postacie!$D29=$A$24,INDIRECT("PochodzenieMyrtana"),IF(Postacie!$D29=$A$33,INDIRECT("PochodzenieVarant"),IF(Postacie!$D29=$A$40,INDIRECT("PochodzenieArcholos"),IF(Postacie!$D29=$A$45,INDIRECT("PochodzenieNordmar"),IF(Postacie!$D29=$A$48,INDIRECT("PochodzenieWyspyPołudniowe"),IF(Postacie!$D29=$A$49,INDIRECT("PochodzenieWschodniArchipelag"))))))))} -> FALSE | AC201: {=IF(Postacie!$D30=$A$22,INDIRECT("PochodzenieKhorinis"),IF(Postacie!$D30=$A$24,INDIRECT("PochodzenieMyrtana"),IF(Postacie!$D30=$A$33,INDIRECT("PochodzenieVarant"),IF(Postacie!$D30=$A$40,INDIRECT("PochodzenieArcholos"),IF(Postacie!$D30=$A$45,INDIRECT("PochodzenieNordmar"),IF(Postacie!$D30=$A$48,INDIRECT("PochodzenieWyspyPołudniowe"),IF(Postacie!$D30=$A$49,INDIRECT("PochodzenieWschodniArchipelag"))))))))} -> FALSE | AD201: {=IF(Postacie!$D31=$A$22,INDIRECT("PochodzenieKhorinis"),IF(Postacie!$D31=$A$24,INDIRECT("PochodzenieMyrtana"),IF(Postacie!$D31=$A$33,INDIRECT("PochodzenieVarant"),IF(Postacie!$D31=$A$40,INDIRECT("PochodzenieArcholos"),IF(Postacie!$D31=$A$45,INDIRECT("PochodzenieNordmar"),IF(Postacie!$D31=$A$48,INDIRECT("PochodzenieWyspyPołudniowe"),IF(Postacie!$D31=$A$49,INDIRECT("PochodzenieWschodniArchipelag"))))))))} -> FALSE | AE201: {=IF(Postacie!$D32=$A$22,INDIRECT("PochodzenieKhorinis"),IF(Postacie!$D32=$A$24,INDIRECT("PochodzenieMyrtana"),IF(Postacie!$D32=$A$33,INDIRECT("PochodzenieVarant"),IF(Postacie!$D32=$A$40,INDIRECT("PochodzenieArcholos"),IF(Postacie!$D32=$A$45,INDIRECT("PochodzenieNordmar"),IF(Postacie!$D32=$A$48,INDIRECT("PochodzenieWyspyPołudniowe"),IF(Postacie!$D32=$A$49,INDIRECT("PochodzenieWschodniArchipelag"))))))))} -> FALSE | AF201: {=IF(Postacie!$D33=$A$22,INDIRECT("PochodzenieKhorinis"),IF(Postacie!$D33=$A$24,INDIRECT("PochodzenieMyrtana"),IF(Postacie!$D33=$A$33,INDIRECT("PochodzenieVarant"),IF(Postacie!$D33=$A$40,INDIRECT("PochodzenieArcholos"),IF(Postacie!$D33=$A$45,INDIRECT("PochodzenieNordmar"),IF(Postacie!$D33=$A$48,INDIRECT("PochodzenieWyspyPołudniowe"),IF(Postacie!$D33=$A$49,INDIRECT("PochodzenieWschodniArchipelag"))))))))} -> FALSE | AG201: {=IF(Postacie!$D34=$A$22,INDIRECT("PochodzenieKhorinis"),IF(Postacie!$D34=$A$24,INDIRECT("PochodzenieMyrtana"),IF(Postacie!$D34=$A$33,INDIRECT("PochodzenieVarant"),IF(Postacie!$D34=$A$40,INDIRECT("PochodzenieArcholos"),IF(Postacie!$D34=$A$45,INDIRECT("PochodzenieNordmar"),IF(Postacie!$D34=$A$48,INDIRECT("PochodzenieWyspyPołudniowe"),IF(Postacie!$D34=$A$49,INDIRECT("PochodzenieWschodniArchipelag"))))))))} -> FALSE | AH201: {=IF(Postacie!$D35=$A$22,INDIRECT("PochodzenieKhorinis"),IF(Postacie!$D35=$A$24,INDIRECT("PochodzenieMyrtana"),IF(Postacie!$D35=$A$33,INDIRECT("PochodzenieVarant"),IF(Postacie!$D35=$A$40,INDIRECT("PochodzenieArcholos"),IF(Postacie!$D35=$A$45,INDIRECT("PochodzenieNordmar"),IF(Postacie!$D35=$A$48,INDIRECT("PochodzenieWyspyPołudniowe"),IF(Postacie!$D35=$A$49,INDIRECT("PochodzenieWschodniArchipelag"))))))))} -> FALSE | AI201: {=IF(Postacie!$D36=$A$22,INDIRECT("PochodzenieKhorinis"),IF(Postacie!$D36=$A$24,INDIRECT("PochodzenieMyrtana"),IF(Postacie!$D36=$A$33,INDIRECT("PochodzenieVarant"),IF(Postacie!$D36=$A$40,INDIRECT("PochodzenieArcholos"),IF(Postacie!$D36=$A$45,INDIRECT("PochodzenieNordmar"),IF(Postacie!$D36=$A$48,INDIRECT("PochodzenieWyspyPołudniowe"),IF(Postacie!$D36=$A$49,INDIRECT("PochodzenieWschodniArchipelag"))))))))} -> FALSE | AJ201: {=IF(Postacie!$D37=$A$22,INDIRECT("PochodzenieKhorinis"),IF(Postacie!$D37=$A$24,INDIRECT("PochodzenieMyrtana"),IF(Postacie!$D37=$A$33,INDIRECT("PochodzenieVarant"),IF(Postacie!$D37=$A$40,INDIRECT("PochodzenieArcholos"),IF(Postacie!$D37=$A$45,INDIRECT("PochodzenieNordmar"),IF(Postacie!$D37=$A$48,INDIRECT("PochodzenieWyspyPołudniowe"),IF(Postacie!$D37=$A$49,INDIRECT("PochodzenieWschodniArchipelag"))))))))} -> FALSE | AK201: {=IF(Postacie!$D38=$A$22,INDIRECT("PochodzenieKhorinis"),IF(Postacie!$D38=$A$24,INDIRECT("PochodzenieMyrtana"),IF(Postacie!$D38=$A$33,INDIRECT("PochodzenieVarant"),IF(Postacie!$D38=$A$40,INDIRECT("PochodzenieArcholos"),IF(Postacie!$D38=$A$45,INDIRECT("PochodzenieNordmar"),IF(Postacie!$D38=$A$48,INDIRECT("PochodzenieWyspyPołudniowe"),IF(Postacie!$D38=$A$49,INDIRECT("PochodzenieWschodniArchipelag"))))))))} -> FALSE | AL201: {=IF(Postacie!$D39=$A$22,INDIRECT("PochodzenieKhorinis"),IF(Postacie!$D39=$A$24,INDIRECT("PochodzenieMyrtana"),IF(Postacie!$D39=$A$33,INDIRECT("PochodzenieVarant"),IF(Postacie!$D39=$A$40,INDIRECT("PochodzenieArcholos"),IF(Postacie!$D39=$A$45,INDIRECT("PochodzenieNordmar"),IF(Postacie!$D39=$A$48,INDIRECT("PochodzenieWyspyPołudniowe"),IF(Postacie!$D39=$A$49,INDIRECT("PochodzenieWschodniArchipelag"))))))))} -> FALSE | AM201: {=IF(Postacie!$D40=$A$22,INDIRECT("PochodzenieKhorinis"),IF(Postacie!$D40=$A$24,INDIRECT("PochodzenieMyrtana"),IF(Postacie!$D40=$A$33,INDIRECT("PochodzenieVarant"),IF(Postacie!$D40=$A$40,INDIRECT("PochodzenieArcholos"),IF(Postacie!$D40=$A$45,INDIRECT("PochodzenieNordmar"),IF(Postacie!$D40=$A$48,INDIRECT("PochodzenieWyspyPołudniowe"),IF(Postacie!$D40=$A$49,INDIRECT("PochodzenieWschodniArchipelag"))))))))} -> FALSE | AN201: {=IF(Postacie!$D41=$A$22,INDIRECT("PochodzenieKhorinis"),IF(Postacie!$D41=$A$24,INDIRECT("PochodzenieMyrtana"),IF(Postacie!$D41=$A$33,INDIRECT("PochodzenieVarant"),IF(Postacie!$D41=$A$40,INDIRECT("PochodzenieArcholos"),IF(Postacie!$D41=$A$45,INDIRECT("PochodzenieNordmar"),IF(Postacie!$D41=$A$48,INDIRECT("PochodzenieWyspyPołudniowe"),IF(Postacie!$D41=$A$49,INDIRECT("PochodzenieWschodniArchipelag"))))))))} -> FALSE | AO201: {=IF(Postacie!$D42=$A$22,INDIRECT("PochodzenieKhorinis"),IF(Postacie!$D42=$A$24,INDIRECT("PochodzenieMyrtana"),IF(Postacie!$D42=$A$33,INDIRECT("PochodzenieVarant"),IF(Postacie!$D42=$A$40,INDIRECT("PochodzenieArcholos"),IF(Postacie!$D42=$A$45,INDIRECT("PochodzenieNordmar"),IF(Postacie!$D42=$A$48,INDIRECT("PochodzenieWyspyPołudniowe"),IF(Postacie!$D42=$A$49,INDIRECT("PochodzenieWschodniArchipelag"))))))))} -> FALSE | AP201: {=IF(Postacie!$D43=$A$22,INDIRECT("PochodzenieKhorinis"),IF(Postacie!$D43=$A$24,INDIRECT("PochodzenieMyrtana"),IF(Postacie!$D43=$A$33,INDIRECT("PochodzenieVarant"),IF(Postacie!$D43=$A$40,INDIRECT("PochodzenieArcholos"),IF(Postacie!$D43=$A$45,INDIRECT("PochodzenieNordmar"),IF(Postacie!$D43=$A$48,INDIRECT("PochodzenieWyspyPołudniowe"),IF(Postacie!$D43=$A$49,INDIRECT("PochodzenieWschodniArchipelag"))))))))} -> FALSE | AQ201: {=IF(Postacie!$D44=$A$22,INDIRECT("PochodzenieKhorinis"),IF(Postacie!$D44=$A$24,INDIRECT("PochodzenieMyrtana"),IF(Postacie!$D44=$A$33,INDIRECT("PochodzenieVarant"),IF(Postacie!$D44=$A$40,INDIRECT("PochodzenieArcholos"),IF(Postacie!$D44=$A$45,INDIRECT("PochodzenieNordmar"),IF(Postacie!$D44=$A$48,INDIRECT("PochodzenieWyspyPołudniowe"),IF(Postacie!$D44=$A$49,INDIRECT("PochodzenieWschodniArchipelag"))))))))} -> FALSE | AR201: {=IF(Postacie!$D45=$A$22,INDIRECT("PochodzenieKhorinis"),IF(Postacie!$D45=$A$24,INDIRECT("PochodzenieMyrtana"),IF(Postacie!$D45=$A$33,INDIRECT("PochodzenieVarant"),IF(Postacie!$D45=$A$40,INDIRECT("PochodzenieArcholos"),IF(Postacie!$D45=$A$45,INDIRECT("PochodzenieNordmar"),IF(Postacie!$D45=$A$48,INDIRECT("PochodzenieWyspyPołudniowe"),IF(Postacie!$D45=$A$49,INDIRECT("PochodzenieWschodniArchipelag"))))))))} -> FALSE | AS201: {=IF(Postacie!$D46=$A$22,INDIRECT("PochodzenieKhorinis"),IF(Postacie!$D46=$A$24,INDIRECT("PochodzenieMyrtana"),IF(Postacie!$D46=$A$33,INDIRECT("PochodzenieVarant"),IF(Postacie!$D46=$A$40,INDIRECT("PochodzenieArcholos"),IF(Postacie!$D46=$A$45,INDIRECT("PochodzenieNordmar"),IF(Postacie!$D46=$A$48,INDIRECT("PochodzenieWyspyPołudniowe"),IF(Postacie!$D46=$A$49,INDIRECT("PochodzenieWschodniArchipelag"))))))))} -> FALSE | AT201: {=IF(Postacie!$D47=$A$22,INDIRECT("PochodzenieKhorinis"),IF(Postacie!$D47=$A$24,INDIRECT("PochodzenieMyrtana"),IF(Postacie!$D47=$A$33,INDIRECT("PochodzenieVarant"),IF(Postacie!$D47=$A$40,INDIRECT("PochodzenieArcholos"),IF(Postacie!$D47=$A$45,INDIRECT("PochodzenieNordmar"),IF(Postacie!$D47=$A$48,INDIRECT("PochodzenieWyspyPołudniowe"),IF(Postacie!$D47=$A$49,INDIRECT("PochodzenieWschodniArchipelag"))))))))} -> FALSE | AU201: {=IF(Postacie!$D48=$A$22,INDIRECT("PochodzenieKhorinis"),IF(Postacie!$D48=$A$24,INDIRECT("PochodzenieMyrtana"),IF(Postacie!$D48=$A$33,INDIRECT("PochodzenieVarant"),IF(Postacie!$D48=$A$40,INDIRECT("PochodzenieArcholos"),IF(Postacie!$D48=$A$45,INDIRECT("PochodzenieNordmar"),IF(Postacie!$D48=$A$48,INDIRECT("PochodzenieWyspyPołudniowe"),IF(Postacie!$D48=$A$49,INDIRECT("PochodzenieWschodniArchipelag"))))))))} -> FALSE | AV201: {=IF(Postacie!$D49=$A$22,INDIRECT("PochodzenieKhorinis"),IF(Postacie!$D49=$A$24,INDIRECT("PochodzenieMyrtana"),IF(Postacie!$D49=$A$33,INDIRECT("PochodzenieVarant"),IF(Postacie!$D49=$A$40,INDIRECT("PochodzenieArcholos"),IF(Postacie!$D49=$A$45,INDIRECT("PochodzenieNordmar"),IF(Postacie!$D49=$A$48,INDIRECT("PochodzenieWyspyPołudniowe"),IF(Postacie!$D49=$A$49,INDIRECT("PochodzenieWschodniArchipelag"))))))))} -> FALSE | AW201: {=IF(Postacie!$D50=$A$22,INDIRECT("PochodzenieKhorinis"),IF(Postacie!$D50=$A$24,INDIRECT("PochodzenieMyrtana"),IF(Postacie!$D50=$A$33,INDIRECT("PochodzenieVarant"),IF(Postacie!$D50=$A$40,INDIRECT("PochodzenieArcholos"),IF(Postacie!$D50=$A$45,INDIRECT("PochodzenieNordmar"),IF(Postacie!$D50=$A$48,INDIRECT("PochodzenieWyspyPołudniowe"),IF(Postacie!$D50=$A$49,INDIRECT("PochodzenieWschodniArchipelag"))))))))} -> FALSE
A202: Farmy | C202: Silbach | D202: Farmy | M202: Silbach
C203: Wilcze Leże | M203: Wilcze Leże
C204: Winnica Rity | M204: Winnica Rity
C205: Winnica Valerio | M205: Winnica Valerio
